participant.id_in_session,participant.code,participant.label,participant._is_bot,participant._index_in_pages,participant._max_page_index,participant._current_app_name,participant._current_page_name,participant.time_started_utc,participant.visited,participant.mturk_worker_id,participant.mturk_assignment_id,participant.payoff,participant.prolific_pid,participant.selected_weekend_indices,participant.selected_city_indices,participant.clutter_treatment,participant.city_order,participant.choice_set_order,participant.cue_sequence,participant.extension_code,session.code,session.label,session.mturk_HITId,session.mturk_HITGroupId,session.comment,session.is_demo,session.config.participation_fee,session.config.real_world_currency_per_point,session.config.name,session.config.completion_code,session.config.use_browser_bots,instructions_block.1.player.id_in_group,instructions_block.1.player.role,instructions_block.1.player.payoff,instructions_block.1.player.comprehension_prize,instructions_block.1.player.failed_comprehension_prize,instructions_block.1.player.comprehension_choice_city_weekend,instructions_block.1.player.failed_comprehension_choice_city_weekend,instructions_block.1.player.comprehension_no_cancellation,instructions_block.1.player.failed_comprehension_no_cancellation,instructions_block.1.player.name,instructions_block.1.player.phone_number,instructions_block.1.player.phone_number_repeated,instructions_block.1.player.email_address,instructions_block.1.player.email_address_repeated,instructions_block.1.player.gdpr_consent,instructions_block.1.group.id_in_subsession,instructions_block.1.subsession.round_number,pretask_block.1.player.id_in_group,pretask_block.1.player.role,pretask_block.1.player.payoff,pretask_block.1.player.excluded_city_name,pretask_block.1.player.accommodation_preference_open,pretask_block.1.player.weekend_01,pretask_block.1.player.weekend_02,pretask_block.1.player.weekend_03,pretask_block.1.player.weekend_04,pretask_block.1.player.weekend_05,pretask_block.1.player.weekend_06,pretask_block.1.player.weekend_07,pretask_block.1.player.weekend_08,pretask_block.1.player.weekend_09,pretask_block.1.group.id_in_subsession,pretask_block.1.subsession.round_number,choice_task_block.1.player.id_in_group,choice_task_block.1.player.role,choice_task_block.1.player.payoff,choice_task_block.1.player.completion_code,choice_task_block.1.player.choice_cluster,choice_task_block.1.player.choice_preferred,choice_task_block.1.player.demarrage_confirmation,choice_task_block.1.group.id_in_subsession,choice_task_block.1.subsession.round_number,choice_task_block.2.player.id_in_group,choice_task_block.2.player.role,choice_task_block.2.player.payoff,choice_task_block.2.player.completion_code,choice_task_block.2.player.choice_cluster,choice_task_block.2.player.choice_preferred,choice_task_block.2.player.demarrage_confirmation,choice_task_block.2.group.id_in_subsession,choice_task_block.2.subsession.round_number,choice_task_block.3.player.id_in_group,choice_task_block.3.player.role,choice_task_block.3.player.payoff,choice_task_block.3.player.completion_code,choice_task_block.3.player.choice_cluster,choice_task_block.3.player.choice_preferred,choice_task_block.3.player.demarrage_confirmation,choice_task_block.3.group.id_in_subsession,choice_task_block.3.subsession.round_number,choice_task_block.4.player.id_in_group,choice_task_block.4.player.role,choice_task_block.4.player.payoff,choice_task_block.4.player.completion_code,choice_task_block.4.player.choice_cluster,choice_task_block.4.player.choice_preferred,choice_task_block.4.player.demarrage_confirmation,choice_task_block.4.group.id_in_subsession,choice_task_block.4.subsession.round_number,choice_task_block.5.player.id_in_group,choice_task_block.5.player.role,choice_task_block.5.player.payoff,choice_task_block.5.player.completion_code,choice_task_block.5.player.choice_cluster,choice_task_block.5.player.choice_preferred,choice_task_block.5.player.demarrage_confirmation,choice_task_block.5.group.id_in_subsession,choice_task_block.5.subsession.round_number,choice_task_block.6.player.id_in_group,choice_task_block.6.player.role,choice_task_block.6.player.payoff,choice_task_block.6.player.completion_code,choice_task_block.6.player.choice_cluster,choice_task_block.6.player.choice_preferred,choice_task_block.6.player.demarrage_confirmation,choice_task_block.6.group.id_in_subsession,choice_task_block.6.subsession.round_number,choice_task_block.7.player.id_in_group,choice_task_block.7.player.role,choice_task_block.7.player.payoff,choice_task_block.7.player.completion_code,choice_task_block.7.player.choice_cluster,choice_task_block.7.player.choice_preferred,choice_task_block.7.player.demarrage_confirmation,choice_task_block.7.group.id_in_subsession,choice_task_block.7.subsession.round_number,choice_task_block.8.player.id_in_group,choice_task_block.8.player.role,choice_task_block.8.player.payoff,choice_task_block.8.player.completion_code,choice_task_block.8.player.choice_cluster,choice_task_block.8.player.choice_preferred,choice_task_block.8.player.demarrage_confirmation,choice_task_block.8.group.id_in_subsession,choice_task_block.8.subsession.round_number,choice_task_block.9.player.id_in_group,choice_task_block.9.player.role,choice_task_block.9.player.payoff,choice_task_block.9.player.completion_code,choice_task_block.9.player.choice_cluster,choice_task_block.9.player.choice_preferred,choice_task_block.9.player.demarrage_confirmation,choice_task_block.9.group.id_in_subsession,choice_task_block.9.subsession.round_number,choice_task_block.10.player.id_in_group,choice_task_block.10.player.role,choice_task_block.10.player.payoff,choice_task_block.10.player.completion_code,choice_task_block.10.player.choice_cluster,choice_task_block.10.player.choice_preferred,choice_task_block.10.player.demarrage_confirmation,choice_task_block.10.group.id_in_subsession,choice_task_block.10.subsession.round_number,choice_task_block.11.player.id_in_group,choice_task_block.11.player.role,choice_task_block.11.player.payoff,choice_task_block.11.player.completion_code,choice_task_block.11.player.choice_cluster,choice_task_block.11.player.choice_preferred,choice_task_block.11.player.demarrage_confirmation,choice_task_block.11.group.id_in_subsession,choice_task_block.11.subsession.round_number,choice_task_block.12.player.id_in_group,choice_task_block.12.player.role,choice_task_block.12.player.payoff,choice_task_block.12.player.completion_code,choice_task_block.12.player.choice_cluster,choice_task_block.12.player.choice_preferred,choice_task_block.12.player.demarrage_confirmation,choice_task_block.12.group.id_in_subsession,choice_task_block.12.subsession.round_number,postexperiment_block.1.player.id_in_group,postexperiment_block.1.player.role,postexperiment_block.1.player.payoff,postexperiment_block.1.player.gender,postexperiment_block.1.player.age,postexperiment_block.1.player.student_status,postexperiment_block.1.player.household_structure,postexperiment_block.1.player.paris_resident,postexperiment_block.1.player.booking_familiarity,postexperiment_block.1.player.visual_complexity,postexperiment_block.1.player.noticed_thumb,postexperiment_block.1.player.noticed_checkmark,postexperiment_block.1.player.noticed_badge,postexperiment_block.1.player.nasa_tlx_mental,postexperiment_block.1.player.nasa_tlx_physical,postexperiment_block.1.player.nasa_tlx_temporal,postexperiment_block.1.player.nasa_tlx_performance,postexperiment_block.1.player.nasa_tlx_effort,postexperiment_block.1.player.nasa_tlx_frustration,postexperiment_block.1.player.belief_thumb_quality,postexperiment_block.1.player.choice_process_open,postexperiment_block.1.player.belief_thumb_meaning_open,postexperiment_block.1.player.thumb_use_open,postexperiment_block.1.player.feedback_open,postexperiment_block.1.group.id_in_subsession,postexperiment_block.1.subsession.round_number
1,w2qecb58,,1,33,32,postexperiment_block,PaymentInfo,2026-06-23 09:18:13.418375,1,,,0.0,,"[2, 3, 5, 7]","[0, 2, 3]",N,"[0, 2, 1, 3]","{""0"": [2, 1, 3, 0], ""1"": [1, 2, 3, 0], ""2"": [3, 2, 1, 0]}","{""0"": [""P"", ""A"", ""A"", ""P""], ""1"": [""P"", ""P"", ""A"", ""A""], ""2"": [""P"", ""A"", ""P"", ""A""]}","N|w2qecb58|annecy:2026-10-16-2P,2026-10-23-1A,2026-11-06-3A,2026-11-20-0P|le-treport:2026-10-16-1P,2026-10-23-2P,2026-11-06-3A,2026-11-20-0A|nice:2026-10-16-3P,2026-10-23-2A,2026-11-06-1P,2026-11-20-0A",jgtg3yxs,,,,,0,10.0,1.0,booking_experiment_with_bots,CJJN0EFT,1,1,,0.0,0,0,1,0,1,0,John Doe,1234567890,1234567890,john.doe@example.com,john.doe@example.com,1,1,1,1,,0.0,Arcachon,I prefer hotels near the beach.,0,0,1,1,0,1,0,1,0,1,1,1,,0.0,Q09NUExFVEVEXzE=,3,1,DEMARRAGE,1,1,1,,0.0,Q09NUExFVEVEXzI=,2,0,,1,2,1,,0.0,Q09NUExFVEVEXzM=,1,0,,1,3,1,,0.0,Q09NUExFVEVEXzQ=,1,1,,1,4,1,,0.0,Q09NUExFVEVEXzU=,2,1,,1,5,1,,0.0,Q09NUExFVEVEXzY=,2,0,,1,6,1,,0.0,Q09NUExFVEVEXzc=,3,0,,1,7,1,,0.0,Q09NUExFVEVEXzg=,3,0,,1,8,1,,0.0,Q09NUExFVEVEXzk=,3,0,,1,9,1,,0.0,Q09NUExFVEVEXzEw,3,1,,1,10,1,,0.0,Q09NUExFVEVEXzEx,1,1,,1,11,1,,0.0,Q09NUExFVEVEXzEy,1,1,,1,12,1,,0.0,Femme,72,Étudiant,J'habite en couple,1,3,2,0,0,0,20,25,100,30,85,30,3,I compared prices and ratings.,The thumb indicates quality.,I used the thumb to identify quality.,No feedback.,1,1
2,wr0wpw4k,,1,33,32,postexperiment_block,PaymentInfo,2026-06-23 09:19:58.262107,1,,,0.0,,"[0, 1, 2, 5]","[1, 2, 3]",O,"[0, 1, 2, 3]","{""0"": [2, 0, 3, 1], ""1"": [0, 1, 2, 3], ""2"": [3, 2, 1, 0]}","{""0"": [""A"", ""P"", ""P"", ""A""], ""1"": [""A"", ""P"", ""A"", ""P""], ""2"": [""A"", ""A"", ""P"", ""P""]}","O|wr0wpw4k|arcachon:2026-10-02-2A,2026-10-09-0P,2026-10-16-3P,2026-11-06-1A|le-treport:2026-10-02-0A,2026-10-09-1P,2026-10-16-2A,2026-11-06-3P|nice:2026-10-02-3A,2026-10-09-2A,2026-10-16-1P,2026-11-06-0P",jgtg3yxs,,,,,0,10.0,1.0,booking_experiment_with_bots,CJJN0EFT,1,2,,0.0,0,0,1,0,1,0,John Doe,1234567890,1234567890,john.doe@example.com,john.doe@example.com,1,1,1,2,,0.0,Annecy,I prefer hotels near the beach.,1,1,1,0,0,1,0,0,0,1,1,2,,0.0,Q09NUExFVEVEXzE=,1,1,DEMARRAGE,1,1,2,,0.0,Q09NUExFVEVEXzI=,1,1,,1,2,2,,0.0,Q09NUExFVEVEXzM=,3,0,,1,3,2,,0.0,Q09NUExFVEVEXzQ=,3,1,,1,4,2,,0.0,Q09NUExFVEVEXzU=,1,1,,1,5,2,,0.0,Q09NUExFVEVEXzY=,3,0,,1,6,2,,0.0,Q09NUExFVEVEXzc=,3,0,,1,7,2,,0.0,Q09NUExFVEVEXzg=,2,1,,1,8,2,,0.0,Q09NUExFVEVEXzk=,1,0,,1,9,2,,0.0,Q09NUExFVEVEXzEw,2,1,,1,10,2,,0.0,Q09NUExFVEVEXzEx,1,0,,1,11,2,,0.0,Q09NUExFVEVEXzEy,1,0,,1,12,2,,0.0,Homme,75,Étudiant,Autre,1,2,2,0,1,1,70,95,5,65,75,0,4,I compared prices and ratings.,The thumb indicates quality.,I used the thumb to identify quality.,No feedback.,1,1
3,iivjxu9h,,1,33,32,postexperiment_block,PaymentInfo,2026-06-23 09:19:58.673688,1,,,0.0,,"[1, 3, 7, 8]","[0, 2, 3]",N,"[2, 0, 3, 1]","{""0"": [0, 2, 3, 1], ""1"": [1, 2, 0, 3], ""2"": [0, 3, 1, 2]}","{""0"": [""A"", ""P"", ""P"", ""A""], ""1"": [""P"", ""P"", ""A"", ""A""], ""2"": [""P"", ""A"", ""P"", ""A""]}","N|iivjxu9h|annecy:2026-10-09-0A,2026-10-23-2P,2026-11-20-3P,2026-11-27-1A|le-treport:2026-10-09-1P,2026-10-23-2P,2026-11-20-0A,2026-11-27-3A|nice:2026-10-09-0P,2026-10-23-3A,2026-11-20-1P,2026-11-27-2A",jgtg3yxs,,,,,0,10.0,1.0,booking_experiment_with_bots,CJJN0EFT,1,3,,0.0,0,0,1,0,1,0,John Doe,1234567890,1234567890,john.doe@example.com,john.doe@example.com,1,1,1,3,,0.0,Arcachon,I prefer hotels near the beach.,0,1,0,1,0,0,0,1,1,1,1,3,,0.0,Q09NUExFVEVEXzE=,3,1,DEMARRAGE,1,1,3,,0.0,Q09NUExFVEVEXzI=,1,0,,1,2,3,,0.0,Q09NUExFVEVEXzM=,2,1,,1,3,3,,0.0,Q09NUExFVEVEXzQ=,2,0,,1,4,3,,0.0,Q09NUExFVEVEXzU=,1,0,,1,5,3,,0.0,Q09NUExFVEVEXzY=,2,0,,1,6,3,,0.0,Q09NUExFVEVEXzc=,3,1,,1,7,3,,0.0,Q09NUExFVEVEXzg=,2,1,,1,8,3,,0.0,Q09NUExFVEVEXzk=,2,1,,1,9,3,,0.0,Q09NUExFVEVEXzEw,2,0,,1,10,3,,0.0,Q09NUExFVEVEXzEx,2,1,,1,11,3,,0.0,Q09NUExFVEVEXzEy,2,0,,1,12,3,,0.0,Homme,62,Étudiant,Autre,1,2,3,0,0,1,45,25,65,50,15,90,2,I compared prices and ratings.,The thumb indicates quality.,I used the thumb to identify quality.,No feedback.,1,1
4,jim8t27o,,1,33,32,postexperiment_block,PaymentInfo,2026-06-23 09:19:59.205937,1,,,0.0,,"[4, 5, 7, 8]","[0, 2, 3]",O,"[1, 0, 2, 3]","{""0"": [3, 1, 0, 2], ""1"": [0, 2, 3, 1], ""2"": [0, 3, 2, 1]}","{""0"": [""A"", ""P"", ""P"", ""A""], ""1"": [""P"", ""P"", ""A"", ""A""], ""2"": [""P"", ""A"", ""P"", ""A""]}","O|jim8t27o|annecy:2026-10-30-3A,2026-11-06-1P,2026-11-20-0P,2026-11-27-2A|le-treport:2026-10-30-0P,2026-11-06-2P,2026-11-20-3A,2026-11-27-1A|nice:2026-10-30-0P,2026-11-06-3A,2026-11-20-2P,2026-11-27-1A",jgtg3yxs,,,,,0,10.0,1.0,booking_experiment_with_bots,CJJN0EFT,1,4,,0.0,0,0,1,0,1,0,John Doe,1234567890,1234567890,john.doe@example.com,john.doe@example.com,1,1,1,4,,0.0,Arcachon,I prefer hotels near the beach.,0,0,0,0,1,1,0,1,1,1,1,4,,0.0,Q09NUExFVEVEXzE=,2,0,DEMARRAGE,1,1,4,,0.0,Q09NUExFVEVEXzI=,1,0,,1,2,4,,0.0,Q09NUExFVEVEXzM=,2,0,,1,3,4,,0.0,Q09NUExFVEVEXzQ=,2,1,,1,4,4,,0.0,Q09NUExFVEVEXzU=,1,0,,1,5,4,,0.0,Q09NUExFVEVEXzY=,1,1,,1,6,4,,0.0,Q09NUExFVEVEXzc=,2,0,,1,7,4,,0.0,Q09NUExFVEVEXzg=,2,1,,1,8,4,,0.0,Q09NUExFVEVEXzk=,1,1,,1,9,4,,0.0,Q09NUExFVEVEXzEw,3,1,,1,10,4,,0.0,Q09NUExFVEVEXzEx,1,1,,1,11,4,,0.0,Q09NUExFVEVEXzEy,1,1,,1,12,4,,0.0,Homme,23,Étudiant,J'habite avec ma famille,0,1,5,0,0,1,0,85,85,55,90,45,1,I compared prices and ratings.,The thumb indicates quality.,I used the thumb to identify quality.,No feedback.,1,1
5,b61vdwh4,,1,33,32,postexperiment_block,PaymentInfo,2026-06-23 09:20:00.171607,1,,,0.0,,"[1, 2, 7, 8]","[0, 1, 3]",N,"[3, 1, 2, 0]","{""0"": [3, 2, 1, 0], ""1"": [1, 2, 3, 0], ""2"": [0, 3, 1, 2]}","{""0"": [""A"", ""P"", ""P"", ""A""], ""1"": [""P"", ""P"", ""A"", ""A""], ""2"": [""A"", ""P"", ""P"", ""A""]}","N|b61vdwh4|annecy:2026-10-09-3A,2026-10-16-2P,2026-11-20-1P,2026-11-27-0A|arcachon:2026-10-09-1P,2026-10-16-2P,2026-11-20-3A,2026-11-27-0A|nice:2026-10-09-0A,2026-10-16-3P,2026-11-20-1P,2026-11-27-2A",jgtg3yxs,,,,,0,10.0,1.0,booking_experiment_with_bots,CJJN0EFT,1,5,,0.0,0,0,1,0,1,0,John Doe,1234567890,1234567890,john.doe@example.com,john.doe@example.com,1,1,1,5,,0.0,Le Tréport,I prefer hotels near the beach.,0,1,1,0,0,0,0,1,1,1,1,5,,0.0,Q09NUExFVEVEXzE=,1,0,DEMARRAGE,1,1,5,,0.0,Q09NUExFVEVEXzI=,1,0,,1,2,5,,0.0,Q09NUExFVEVEXzM=,2,0,,1,3,5,,0.0,Q09NUExFVEVEXzQ=,1,1,,1,4,5,,0.0,Q09NUExFVEVEXzU=,2,0,,1,5,5,,0.0,Q09NUExFVEVEXzY=,1,1,,1,6,5,,0.0,Q09NUExFVEVEXzc=,1,1,,1,7,5,,0.0,Q09NUExFVEVEXzg=,1,0,,1,8,5,,0.0,Q09NUExFVEVEXzk=,3,1,,1,9,5,,0.0,Q09NUExFVEVEXzEw,1,1,,1,10,5,,0.0,Q09NUExFVEVEXzEx,1,1,,1,11,5,,0.0,Q09NUExFVEVEXzEy,2,0,,1,12,5,,0.0,Femme,67,Étudiant,J'habite avec ma famille,0,3,7,0,1,1,25,25,90,85,30,5,4,I compared prices and ratings.,The thumb indicates quality.,I used the thumb to identify quality.,No feedback.,1,1
6,ik4zdt9n,,1,33,32,postexperiment_block,PaymentInfo,2026-06-23 09:20:00.372242,1,,,0.0,,"[0, 2, 5, 8]","[1, 2, 3]",O,"[0, 2, 3, 1]","{""0"": [0, 3, 2, 1], ""1"": [2, 1, 3, 0], ""2"": [2, 0, 1, 3]}","{""0"": [""A"", ""P"", ""P"", ""A""], ""1"": [""A"", ""P"", ""A"", ""P""], ""2"": [""P"", ""A"", ""P"", ""A""]}","O|ik4zdt9n|arcachon:2026-10-02-0A,2026-10-16-3P,2026-11-06-2P,2026-11-27-1A|le-treport:2026-10-02-2A,2026-10-16-1P,2026-11-06-3A,2026-11-27-0P|nice:2026-10-02-2P,2026-10-16-0A,2026-11-06-1P,2026-11-27-3A",jgtg3yxs,,,,,0,10.0,1.0,booking_experiment_with_bots,CJJN0EFT,1,6,,0.0,0,0,1,0,1,0,John Doe,1234567890,1234567890,john.doe@example.com,john.doe@example.com,1,1,1,6,,0.0,Annecy,I prefer hotels near the beach.,1,0,1,0,0,1,0,0,1,1,1,6,,0.0,Q09NUExFVEVEXzE=,3,1,DEMARRAGE,1,1,6,,0.0,Q09NUExFVEVEXzI=,2,0,,1,2,6,,0.0,Q09NUExFVEVEXzM=,3,0,,1,3,6,,0.0,Q09NUExFVEVEXzQ=,2,0,,1,4,6,,0.0,Q09NUExFVEVEXzU=,2,1,,1,5,6,,0.0,Q09NUExFVEVEXzY=,1,1,,1,6,6,,0.0,Q09NUExFVEVEXzc=,1,1,,1,7,6,,0.0,Q09NUExFVEVEXzg=,1,1,,1,8,6,,0.0,Q09NUExFVEVEXzk=,3,1,,1,9,6,,0.0,Q09NUExFVEVEXzEw,2,0,,1,10,6,,0.0,Q09NUExFVEVEXzEx,1,1,,1,11,6,,0.0,Q09NUExFVEVEXzEy,2,0,,1,12,6,,0.0,Autre,91,Étudiant,J'habite avec ma famille,0,3,1,0,0,1,0,100,100,100,50,60,2,I compared prices and ratings.,The thumb indicates quality.,I used the thumb to identify quality.,No feedback.,1,1
7,jg43c0br,,1,33,32,postexperiment_block,PaymentInfo,2026-06-23 09:20:00.611928,1,,,0.0,,"[2, 4, 6, 7]","[0, 2, 3]",N,"[1, 0, 2, 3]","{""0"": [0, 3, 1, 2], ""1"": [0, 2, 3, 1], ""2"": [2, 1, 0, 3]}","{""0"": [""A"", ""P"", ""P"", ""A""], ""1"": [""A"", ""P"", ""A"", ""P""], ""2"": [""P"", ""P"", ""A"", ""A""]}","N|jg43c0br|annecy:2026-10-16-0A,2026-10-30-3P,2026-11-13-1P,2026-11-20-2A|le-treport:2026-10-16-0A,2026-10-30-2P,2026-11-13-3A,2026-11-20-1P|nice:2026-10-16-2P,2026-10-30-1P,2026-11-13-0A,2026-11-20-3A",jgtg3yxs,,,,,0,10.0,1.0,booking_experiment_with_bots,CJJN0EFT,1,7,,0.0,0,0,1,0,1,0,John Doe,1234567890,1234567890,john.doe@example.com,john.doe@example.com,1,1,1,7,,0.0,Arcachon,I prefer hotels near the beach.,0,0,1,0,1,0,1,1,0,1,1,7,,0.0,Q09NUExFVEVEXzE=,1,1,DEMARRAGE,1,1,7,,0.0,Q09NUExFVEVEXzI=,1,1,,1,2,7,,0.0,Q09NUExFVEVEXzM=,2,0,,1,3,7,,0.0,Q09NUExFVEVEXzQ=,3,0,,1,4,7,,0.0,Q09NUExFVEVEXzU=,1,0,,1,5,7,,0.0,Q09NUExFVEVEXzY=,2,1,,1,6,7,,0.0,Q09NUExFVEVEXzc=,3,1,,1,7,7,,0.0,Q09NUExFVEVEXzg=,2,1,,1,8,7,,0.0,Q09NUExFVEVEXzk=,1,0,,1,9,7,,0.0,Q09NUExFVEVEXzEw,2,0,,1,10,7,,0.0,Q09NUExFVEVEXzEx,3,1,,1,11,7,,0.0,Q09NUExFVEVEXzEy,3,1,,1,12,7,,0.0,Homme,36,Étudiant,Autre,0,1,6,1,1,0,95,55,55,65,25,75,1,I compared prices and ratings.,The thumb indicates quality.,I used the thumb to identify quality.,No feedback.,1,1
8,srg6wsa6,,1,33,32,postexperiment_block,PaymentInfo,2026-06-23 09:20:00.755392,1,,,0.0,,"[3, 4, 5, 7]","[0, 1, 2]",O,"[1, 0, 3, 2]","{""0"": [2, 0, 3, 1], ""1"": [2, 3, 0, 1], ""2"": [1, 0, 3, 2]}","{""0"": [""P"", ""A"", ""P"", ""A""], ""1"": [""A"", ""P"", ""P"", ""A""], ""2"": [""P"", ""A"", ""A"", ""P""]}","O|srg6wsa6|annecy:2026-10-23-2P,2026-10-30-0A,2026-11-06-3P,2026-11-20-1A|arcachon:2026-10-23-2A,2026-10-30-3P,2026-11-06-0P,2026-11-20-1A|le-treport:2026-10-23-1P,2026-10-30-0A,2026-11-06-3A,2026-11-20-2P",jgtg3yxs,,,,,0,10.0,1.0,booking_experiment_with_bots,CJJN0EFT,1,8,,0.0,0,0,1,0,1,0,John Doe,1234567890,1234567890,john.doe@example.com,john.doe@example.com,1,1,1,8,,0.0,Nice,I prefer hotels near the beach.,0,0,0,1,1,1,0,1,0,1,1,8,,0.0,Q09NUExFVEVEXzE=,3,0,DEMARRAGE,1,1,8,,0.0,Q09NUExFVEVEXzI=,2,1,,1,2,8,,0.0,Q09NUExFVEVEXzM=,3,0,,1,3,8,,0.0,Q09NUExFVEVEXzQ=,1,0,,1,4,8,,0.0,Q09NUExFVEVEXzU=,3,0,,1,5,8,,0.0,Q09NUExFVEVEXzY=,2,1,,1,6,8,,0.0,Q09NUExFVEVEXzc=,2,0,,1,7,8,,0.0,Q09NUExFVEVEXzg=,3,0,,1,8,8,,0.0,Q09NUExFVEVEXzk=,1,0,,1,9,8,,0.0,Q09NUExFVEVEXzEw,2,1,,1,10,8,,0.0,Q09NUExFVEVEXzEx,2,0,,1,11,8,,0.0,Q09NUExFVEVEXzEy,3,1,,1,12,8,,0.0,Homme,18,Étudiant,J'habite seul,1,3,1,0,0,0,100,55,50,40,100,45,3,I compared prices and ratings.,The thumb indicates quality.,I used the thumb to identify quality.,No feedback.,1,1
9,fqf7rfd8,,1,33,32,postexperiment_block,PaymentInfo,2026-06-23 09:20:01.212644,1,,,0.0,,"[1, 3, 5, 7]","[0, 1, 2]",N,"[0, 2, 3, 1]","{""0"": [0, 3, 1, 2], ""1"": [3, 1, 0, 2], ""2"": [2, 1, 3, 0]}","{""0"": [""P"", ""A"", ""A"", ""P""], ""1"": [""P"", ""P"", ""A"", ""A""], ""2"": [""P"", ""A"", ""A"", ""P""]}","N|fqf7rfd8|annecy:2026-10-09-0P,2026-10-23-3A,2026-11-06-1A,2026-11-20-2P|arcachon:2026-10-09-3P,2026-10-23-1P,2026-11-06-0A,2026-11-20-2A|le-treport:2026-10-09-2P,2026-10-23-1A,2026-11-06-3A,2026-11-20-0P",jgtg3yxs,,,,,0,10.0,1.0,booking_experiment_with_bots,CJJN0EFT,1,9,,0.0,0,0,1,0,1,0,John Doe,1234567890,1234567890,john.doe@example.com,john.doe@example.com,1,1,1,9,,0.0,Nice,I prefer hotels near the beach.,0,1,0,1,0,1,0,1,0,1,1,9,,0.0,Q09NUExFVEVEXzE=,2,0,DEMARRAGE,1,1,9,,0.0,Q09NUExFVEVEXzI=,1,1,,1,2,9,,0.0,Q09NUExFVEVEXzM=,2,0,,1,3,9,,0.0,Q09NUExFVEVEXzQ=,1,1,,1,4,9,,0.0,Q09NUExFVEVEXzU=,3,1,,1,5,9,,0.0,Q09NUExFVEVEXzY=,3,1,,1,6,9,,0.0,Q09NUExFVEVEXzc=,3,1,,1,7,9,,0.0,Q09NUExFVEVEXzg=,3,1,,1,8,9,,0.0,Q09NUExFVEVEXzk=,1,0,,1,9,9,,0.0,Q09NUExFVEVEXzEw,2,1,,1,10,9,,0.0,Q09NUExFVEVEXzEx,1,0,,1,11,9,,0.0,Q09NUExFVEVEXzEy,3,0,,1,12,9,,0.0,Autre,86,Étudiant,J'habite en couple,0,4,5,0,1,0,25,15,70,80,15,10,3,I compared prices and ratings.,The thumb indicates quality.,I used the thumb to identify quality.,No feedback.,1,1
10,fjo1dhz0,,1,33,32,postexperiment_block,PaymentInfo,2026-06-23 09:20:01.717102,1,,,0.0,,"[3, 5, 6, 7]","[1, 2, 3]",O,"[1, 2, 0, 3]","{""0"": [1, 2, 3, 0], ""1"": [0, 3, 1, 2], ""2"": [3, 1, 0, 2]}","{""0"": [""P"", ""A"", ""P"", ""A""], ""1"": [""P"", ""P"", ""A"", ""A""], ""2"": [""A"", ""A"", ""P"", ""P""]}","O|fjo1dhz0|arcachon:2026-10-23-1P,2026-11-06-2A,2026-11-13-3P,2026-11-20-0A|le-treport:2026-10-23-0P,2026-11-06-3P,2026-11-13-1A,2026-11-20-2A|nice:2026-10-23-3A,2026-11-06-1A,2026-11-13-0P,2026-11-20-2P",jgtg3yxs,,,,,0,10.0,1.0,booking_experiment_with_bots,CJJN0EFT,1,10,,0.0,0,0,1,0,1,0,John Doe,1234567890,1234567890,john.doe@example.com,john.doe@example.com,1,1,1,10,,0.0,Annecy,I prefer hotels near the beach.,0,0,0,1,0,1,1,1,0,1,1,10,,0.0,Q09NUExFVEVEXzE=,3,0,DEMARRAGE,1,1,10,,0.0,Q09NUExFVEVEXzI=,2,0,,1,2,10,,0.0,Q09NUExFVEVEXzM=,2,1,,1,3,10,,0.0,Q09NUExFVEVEXzQ=,3,0,,1,4,10,,0.0,Q09NUExFVEVEXzU=,1,0,,1,5,10,,0.0,Q09NUExFVEVEXzY=,3,0,,1,6,10,,0.0,Q09NUExFVEVEXzc=,2,1,,1,7,10,,0.0,Q09NUExFVEVEXzg=,1,0,,1,8,10,,0.0,Q09NUExFVEVEXzk=,1,1,,1,9,10,,0.0,Q09NUExFVEVEXzEw,1,1,,1,10,10,,0.0,Q09NUExFVEVEXzEx,2,0,,1,11,10,,0.0,Q09NUExFVEVEXzEy,1,0,,1,12,10,,0.0,Homme,48,Étudiant,Autre,1,4,5,0,0,0,40,25,65,45,55,30,3,I compared prices and ratings.,The thumb indicates quality.,I used the thumb to identify quality.,No feedback.,1,1
11,qfd9qv74,,1,33,32,postexperiment_block,PaymentInfo,2026-06-23 09:20:02.027929,1,,,0.0,,"[0, 2, 3, 6]","[0, 1, 2]",N,"[1, 0, 3, 2]","{""0"": [1, 2, 3, 0], ""1"": [2, 3, 1, 0], ""2"": [3, 1, 2, 0]}","{""0"": [""P"", ""P"", ""A"", ""A""], ""1"": [""A"", ""P"", ""P"", ""A""], ""2"": [""A"", ""A"", ""P"", ""P""]}","N|qfd9qv74|annecy:2026-10-02-1P,2026-10-16-2P,2026-10-23-3A,2026-11-13-0A|arcachon:2026-10-02-2A,2026-10-16-3P,2026-10-23-1P,2026-11-13-0A|le-treport:2026-10-02-3A,2026-10-16-1A,2026-10-23-2P,2026-11-13-0P",jgtg3yxs,,,,,0,10.0,1.0,booking_experiment_with_bots,CJJN0EFT,1,11,,0.0,0,0,1,0,1,0,John Doe,1234567890,1234567890,john.doe@example.com,john.doe@example.com,1,1,1,11,,0.0,Nice,I prefer hotels near the beach.,1,0,1,1,0,0,1,0,0,1,1,11,,0.0,Q09NUExFVEVEXzE=,1,1,DEMARRAGE,1,1,11,,0.0,Q09NUExFVEVEXzI=,3,1,,1,2,11,,0.0,Q09NUExFVEVEXzM=,1,1,,1,3,11,,0.0,Q09NUExFVEVEXzQ=,3,0,,1,4,11,,0.0,Q09NUExFVEVEXzU=,2,0,,1,5,11,,0.0,Q09NUExFVEVEXzY=,3,1,,1,6,11,,0.0,Q09NUExFVEVEXzc=,1,1,,1,7,11,,0.0,Q09NUExFVEVEXzg=,1,1,,1,8,11,,0.0,Q09NUExFVEVEXzk=,3,1,,1,9,11,,0.0,Q09NUExFVEVEXzEw,3,1,,1,10,11,,0.0,Q09NUExFVEVEXzEx,2,0,,1,11,11,,0.0,Q09NUExFVEVEXzEy,2,0,,1,12,11,,0.0,Autre,70,Étudiant,J'habite avec ma famille,1,2,5,1,0,1,50,15,45,65,85,60,2,I compared prices and ratings.,The thumb indicates quality.,I used the thumb to identify quality.,No feedback.,1,1
12,u0pj4xh0,,1,33,32,postexperiment_block,PaymentInfo,2026-06-23 09:20:02.452903,1,,,0.0,,"[0, 2, 3, 4]","[0, 1, 3]",O,"[0, 2, 3, 1]","{""0"": [0, 3, 1, 2], ""1"": [1, 2, 3, 0], ""2"": [1, 0, 2, 3]}","{""0"": [""A"", ""A"", ""P"", ""P""], ""1"": [""A"", ""A"", ""P"", ""P""], ""2"": [""P"", ""P"", ""A"", ""A""]}","O|u0pj4xh0|annecy:2026-10-02-0A,2026-10-16-3A,2026-10-23-1P,2026-10-30-2P|arcachon:2026-10-02-1A,2026-10-16-2A,2026-10-23-3P,2026-10-30-0P|nice:2026-10-02-1P,2026-10-16-0P,2026-10-23-2A,2026-10-30-3A",jgtg3yxs,,,,,0,10.0,1.0,booking_experiment_with_bots,CJJN0EFT,1,12,,0.0,0,0,1,0,1,0,John Doe,1234567890,1234567890,john.doe@example.com,john.doe@example.com,1,1,1,12,,0.0,Le Tréport,I prefer hotels near the beach.,1,0,1,1,1,0,0,0,0,1,1,12,,0.0,Q09NUExFVEVEXzE=,1,0,DEMARRAGE,1,1,12,,0.0,Q09NUExFVEVEXzI=,1,1,,1,2,12,,0.0,Q09NUExFVEVEXzM=,2,1,,1,3,12,,0.0,Q09NUExFVEVEXzQ=,2,1,,1,4,12,,0.0,Q09NUExFVEVEXzU=,1,1,,1,5,12,,0.0,Q09NUExFVEVEXzY=,2,1,,1,6,12,,0.0,Q09NUExFVEVEXzc=,2,1,,1,7,12,,0.0,Q09NUExFVEVEXzg=,2,0,,1,8,12,,0.0,Q09NUExFVEVEXzk=,1,0,,1,9,12,,0.0,Q09NUExFVEVEXzEw,3,1,,1,10,12,,0.0,Q09NUExFVEVEXzEx,2,1,,1,11,12,,0.0,Q09NUExFVEVEXzEy,1,0,,1,12,12,,0.0,Autre,98,Étudiant,Autre,0,2,5,1,0,0,75,90,70,100,100,30,4,I compared prices and ratings.,The thumb indicates quality.,I used the thumb to identify quality.,No feedback.,1,1
13,deh27kdg,,1,33,32,postexperiment_block,PaymentInfo,2026-06-23 09:20:02.671379,1,,,0.0,,"[0, 1, 5, 7]","[0, 1, 3]",N,"[1, 3, 2, 0]","{""0"": [2, 0, 1, 3], ""1"": [0, 1, 3, 2], ""2"": [0, 3, 1, 2]}","{""0"": [""P"", ""A"", ""P"", ""A""], ""1"": [""P"", ""P"", ""A"", ""A""], ""2"": [""P"", ""A"", ""P"", ""A""]}","N|deh27kdg|annecy:2026-10-02-2P,2026-10-09-0A,2026-11-06-1P,2026-11-20-3A|arcachon:2026-10-02-0P,2026-10-09-1P,2026-11-06-3A,2026-11-20-2A|nice:2026-10-02-0P,2026-10-09-3A,2026-11-06-1P,2026-11-20-2A",jgtg3yxs,,,,,0,10.0,1.0,booking_experiment_with_bots,CJJN0EFT,1,13,,0.0,0,0,1,0,1,0,John Doe,1234567890,1234567890,john.doe@example.com,john.doe@example.com,1,1,1,13,,0.0,Le Tréport,I prefer hotels near the beach.,1,1,0,0,0,1,0,1,0,1,1,13,,0.0,Q09NUExFVEVEXzE=,3,1,DEMARRAGE,1,1,13,,0.0,Q09NUExFVEVEXzI=,3,0,,1,2,13,,0.0,Q09NUExFVEVEXzM=,2,0,,1,3,13,,0.0,Q09NUExFVEVEXzQ=,1,0,,1,4,13,,0.0,Q09NUExFVEVEXzU=,1,1,,1,5,13,,0.0,Q09NUExFVEVEXzY=,2,0,,1,6,13,,0.0,Q09NUExFVEVEXzc=,1,0,,1,7,13,,0.0,Q09NUExFVEVEXzg=,3,1,,1,8,13,,0.0,Q09NUExFVEVEXzk=,1,1,,1,9,13,,0.0,Q09NUExFVEVEXzEw,1,0,,1,10,13,,0.0,Q09NUExFVEVEXzEx,1,1,,1,11,13,,0.0,Q09NUExFVEVEXzEy,1,0,,1,12,13,,0.0,Autre,79,Non étudiant,J'habite seul,1,1,4,1,0,0,40,40,10,80,10,40,3,I compared prices and ratings.,The thumb indicates quality.,I used the thumb to identify quality.,No feedback.,1,1
14,pauryuy2,,1,33,32,postexperiment_block,PaymentInfo,2026-06-23 09:20:02.906735,1,,,0.0,,"[0, 1, 4, 7]","[0, 1, 2]",O,"[1, 0, 3, 2]","{""0"": [0, 3, 1, 2], ""1"": [0, 2, 3, 1], ""2"": [1, 2, 0, 3]}","{""0"": [""P"", ""A"", ""A"", ""P""], ""1"": [""P"", ""A"", ""P"", ""A""], ""2"": [""P"", ""A"", ""A"", ""P""]}","O|pauryuy2|annecy:2026-10-02-0P,2026-10-09-3A,2026-10-30-1A,2026-11-20-2P|arcachon:2026-10-02-0P,2026-10-09-2A,2026-10-30-3P,2026-11-20-1A|le-treport:2026-10-02-1P,2026-10-09-2A,2026-10-30-0A,2026-11-20-3P",jgtg3yxs,,,,,0,10.0,1.0,booking_experiment_with_bots,CJJN0EFT,1,14,,0.0,0,0,1,0,1,0,John Doe,1234567890,1234567890,john.doe@example.com,john.doe@example.com,1,1,1,14,,0.0,Nice,I prefer hotels near the beach.,1,1,0,0,1,0,0,1,0,1,1,14,,0.0,Q09NUExFVEVEXzE=,2,1,DEMARRAGE,1,1,14,,0.0,Q09NUExFVEVEXzI=,1,1,,1,2,14,,0.0,Q09NUExFVEVEXzM=,3,0,,1,3,14,,0.0,Q09NUExFVEVEXzQ=,2,1,,1,4,14,,0.0,Q09NUExFVEVEXzU=,1,1,,1,5,14,,0.0,Q09NUExFVEVEXzY=,3,1,,1,6,14,,0.0,Q09NUExFVEVEXzc=,3,1,,1,7,14,,0.0,Q09NUExFVEVEXzg=,1,1,,1,8,14,,0.0,Q09NUExFVEVEXzk=,2,0,,1,9,14,,0.0,Q09NUExFVEVEXzEw,2,0,,1,10,14,,0.0,Q09NUExFVEVEXzEx,1,1,,1,11,14,,0.0,Q09NUExFVEVEXzEy,3,0,,1,12,14,,0.0,Femme,80,Non étudiant,J'habite en couple,1,4,5,0,1,0,50,50,10,50,100,10,2,I compared prices and ratings.,The thumb indicates quality.,I used the thumb to identify quality.,No feedback.,1,1
15,gch1nkot,,1,33,32,postexperiment_block,PaymentInfo,2026-06-23 09:20:03.074151,1,,,0.0,,"[1, 4, 6, 7]","[1, 2, 3]",N,"[3, 2, 0, 1]","{""0"": [2, 0, 3, 1], ""1"": [0, 3, 2, 1], ""2"": [2, 0, 3, 1]}","{""0"": [""A"", ""A"", ""P"", ""P""], ""1"": [""P"", ""A"", ""A"", ""P""], ""2"": [""P"", ""A"", ""A"", ""P""]}","N|gch1nkot|arcachon:2026-10-09-2A,2026-10-30-0A,2026-11-13-3P,2026-11-20-1P|le-treport:2026-10-09-0P,2026-10-30-3A,2026-11-13-2A,2026-11-20-1P|nice:2026-10-09-2P,2026-10-30-0A,2026-11-13-3A,2026-11-20-1P",jgtg3yxs,,,,,0,10.0,1.0,booking_experiment_with_bots,CJJN0EFT,1,15,,0.0,0,0,1,0,1,0,John Doe,1234567890,1234567890,john.doe@example.com,john.doe@example.com,1,1,1,15,,0.0,Annecy,I prefer hotels near the beach.,0,1,0,0,1,0,1,1,0,1,1,15,,0.0,Q09NUExFVEVEXzE=,3,0,DEMARRAGE,1,1,15,,0.0,Q09NUExFVEVEXzI=,1,0,,1,2,15,,0.0,Q09NUExFVEVEXzM=,2,0,,1,3,15,,0.0,Q09NUExFVEVEXzQ=,3,1,,1,4,15,,0.0,Q09NUExFVEVEXzU=,3,0,,1,5,15,,0.0,Q09NUExFVEVEXzY=,1,0,,1,6,15,,0.0,Q09NUExFVEVEXzc=,3,0,,1,7,15,,0.0,Q09NUExFVEVEXzg=,3,0,,1,8,15,,0.0,Q09NUExFVEVEXzk=,1,1,,1,9,15,,0.0,Q09NUExFVEVEXzEw,1,0,,1,10,15,,0.0,Q09NUExFVEVEXzEx,2,0,,1,11,15,,0.0,Q09NUExFVEVEXzEy,3,1,,1,12,15,,0.0,Femme,41,Étudiant,J'habite seul,0,2,7,0,1,1,70,10,40,20,30,100,2,I compared prices and ratings.,The thumb indicates quality.,I used the thumb to identify quality.,No feedback.,1,1
16,19efb0w7,,1,33,32,postexperiment_block,PaymentInfo,2026-06-23 09:20:03.306681,1,,,0.0,,"[2, 4, 6, 8]","[0, 2, 3]",O,"[2, 1, 0, 3]","{""0"": [0, 2, 3, 1], ""1"": [2, 0, 3, 1], ""2"": [2, 1, 3, 0]}","{""0"": [""P"", ""A"", ""P"", ""A""], ""1"": [""A"", ""P"", ""P"", ""A""], ""2"": [""P"", ""P"", ""A"", ""A""]}","O|19efb0w7|annecy:2026-10-16-0P,2026-10-30-2A,2026-11-13-3P,2026-11-27-1A|le-treport:2026-10-16-2A,2026-10-30-0P,2026-11-13-3P,2026-11-27-1A|nice:2026-10-16-2P,2026-10-30-1P,2026-11-13-3A,2026-11-27-0A",jgtg3yxs,,,,,0,10.0,1.0,booking_experiment_with_bots,CJJN0EFT,1,16,,0.0,0,0,1,0,1,0,John Doe,1234567890,1234567890,john.doe@example.com,john.doe@example.com,1,1,1,16,,0.0,Arcachon,I prefer hotels near the beach.,0,0,1,0,1,0,1,0,1,1,1,16,,0.0,Q09NUExFVEVEXzE=,2,0,DEMARRAGE,1,1,16,,0.0,Q09NUExFVEVEXzI=,1,0,,1,2,16,,0.0,Q09NUExFVEVEXzM=,2,0,,1,3,16,,0.0,Q09NUExFVEVEXzQ=,3,1,,1,4,16,,0.0,Q09NUExFVEVEXzU=,3,1,,1,5,16,,0.0,Q09NUExFVEVEXzY=,3,1,,1,6,16,,0.0,Q09NUExFVEVEXzc=,2,0,,1,7,16,,0.0,Q09NUExFVEVEXzg=,2,1,,1,8,16,,0.0,Q09NUExFVEVEXzk=,1,1,,1,9,16,,0.0,Q09NUExFVEVEXzEw,2,0,,1,10,16,,0.0,Q09NUExFVEVEXzEx,3,0,,1,11,16,,0.0,Q09NUExFVEVEXzEy,2,0,,1,12,16,,0.0,Homme,31,Non étudiant,J'habite avec ma famille,0,3,4,1,0,0,35,20,30,20,45,60,3,I compared prices and ratings.,The thumb indicates quality.,I used the thumb to identify quality.,No feedback.,1,1
17,lba3z752,,1,33,32,postexperiment_block,PaymentInfo,2026-06-23 09:20:03.585115,1,,,0.0,,"[0, 1, 3, 8]","[1, 2, 3]",N,"[3, 2, 1, 0]","{""0"": [2, 3, 0, 1], ""1"": [2, 0, 1, 3], ""2"": [1, 2, 0, 3]}","{""0"": [""P"", ""P"", ""A"", ""A""], ""1"": [""A"", ""A"", ""P"", ""P""], ""2"": [""P"", ""P"", ""A"", ""A""]}","N|lba3z752|arcachon:2026-10-02-2P,2026-10-09-3P,2026-10-23-0A,2026-11-27-1A|le-treport:2026-10-02-2A,2026-10-09-0A,2026-10-23-1P,2026-11-27-3P|nice:2026-10-02-1P,2026-10-09-2P,2026-10-23-0A,2026-11-27-3A",jgtg3yxs,,,,,0,10.0,1.0,booking_experiment_with_bots,CJJN0EFT,1,17,,0.0,0,0,1,0,1,0,John Doe,1234567890,1234567890,john.doe@example.com,john.doe@example.com,1,1,1,17,,0.0,Annecy,I prefer hotels near the beach.,1,1,0,1,0,0,0,0,1,1,1,17,,0.0,Q09NUExFVEVEXzE=,3,0,DEMARRAGE,1,1,17,,0.0,Q09NUExFVEVEXzI=,2,1,,1,2,17,,0.0,Q09NUExFVEVEXzM=,2,0,,1,3,17,,0.0,Q09NUExFVEVEXzQ=,1,1,,1,4,17,,0.0,Q09NUExFVEVEXzU=,2,0,,1,5,17,,0.0,Q09NUExFVEVEXzY=,3,0,,1,6,17,,0.0,Q09NUExFVEVEXzc=,1,0,,1,7,17,,0.0,Q09NUExFVEVEXzg=,2,0,,1,8,17,,0.0,Q09NUExFVEVEXzk=,3,0,,1,9,17,,0.0,Q09NUExFVEVEXzEw,1,1,,1,10,17,,0.0,Q09NUExFVEVEXzEx,3,1,,1,11,17,,0.0,Q09NUExFVEVEXzEy,1,1,,1,12,17,,0.0,Autre,51,Non étudiant,J'habite avec ma famille,1,3,5,1,0,0,40,95,55,15,80,0,2,I compared prices and ratings.,The thumb indicates quality.,I used the thumb to identify quality.,No feedback.,1,1
18,jm1jlr6j,,1,33,32,postexperiment_block,PaymentInfo,2026-06-23 09:20:03.693619,1,,,0.0,,"[0, 3, 4, 7]","[1, 2, 3]",O,"[3, 0, 2, 1]","{""0"": [0, 3, 1, 2], ""1"": [0, 3, 2, 1], ""2"": [1, 3, 0, 2]}","{""0"": [""P"", ""A"", ""A"", ""P""], ""1"": [""P"", ""A"", ""P"", ""A""], ""2"": [""A"", ""P"", ""A"", ""P""]}","O|jm1jlr6j|arcachon:2026-10-02-0P,2026-10-23-3A,2026-10-30-1A,2026-11-20-2P|le-treport:2026-10-02-0P,2026-10-23-3A,2026-10-30-2P,2026-11-20-1A|nice:2026-10-02-1A,2026-10-23-3P,2026-10-30-0A,2026-11-20-2P",jgtg3yxs,,,,,0,10.0,1.0,booking_experiment_with_bots,CJJN0EFT,1,18,,0.0,0,0,1,0,1,0,John Doe,1234567890,1234567890,john.doe@example.com,john.doe@example.com,1,1,1,18,,0.0,Annecy,I prefer hotels near the beach.,1,0,0,1,1,0,0,1,0,1,1,18,,0.0,Q09NUExFVEVEXzE=,2,0,DEMARRAGE,1,1,18,,0.0,Q09NUExFVEVEXzI=,2,0,,1,2,18,,0.0,Q09NUExFVEVEXzM=,2,0,,1,3,18,,0.0,Q09NUExFVEVEXzQ=,2,1,,1,4,18,,0.0,Q09NUExFVEVEXzU=,2,0,,1,5,18,,0.0,Q09NUExFVEVEXzY=,3,1,,1,6,18,,0.0,Q09NUExFVEVEXzc=,3,1,,1,7,18,,0.0,Q09NUExFVEVEXzg=,2,0,,1,8,18,,0.0,Q09NUExFVEVEXzk=,2,1,,1,9,18,,0.0,Q09NUExFVEVEXzEw,2,0,,1,10,18,,0.0,Q09NUExFVEVEXzEx,2,0,,1,11,18,,0.0,Q09NUExFVEVEXzEy,3,0,,1,12,18,,0.0,Autre,32,Non étudiant,J'habite seul,1,3,2,1,1,0,70,80,40,40,95,80,1,I compared prices and ratings.,The thumb indicates quality.,I used the thumb to identify quality.,No feedback.,1,1
19,5jfxvzk9,,1,33,32,postexperiment_block,PaymentInfo,2026-06-23 09:20:03.831433,1,,,0.0,,"[1, 2, 3, 6]","[1, 2, 3]",N,"[2, 3, 1, 0]","{""0"": [1, 0, 3, 2], ""1"": [0, 2, 1, 3], ""2"": [0, 1, 2, 3]}","{""0"": [""P"", ""A"", ""P"", ""A""], ""1"": [""P"", ""P"", ""A"", ""A""], ""2"": [""P"", ""A"", ""P"", ""A""]}","N|5jfxvzk9|arcachon:2026-10-09-1P,2026-10-16-0A,2026-10-23-3P,2026-11-13-2A|le-treport:2026-10-09-0P,2026-10-16-2P,2026-10-23-1A,2026-11-13-3A|nice:2026-10-09-0P,2026-10-16-1A,2026-10-23-2P,2026-11-13-3A",jgtg3yxs,,,,,0,10.0,1.0,booking_experiment_with_bots,CJJN0EFT,1,19,,0.0,0,0,1,0,1,0,John Doe,1234567890,1234567890,john.doe@example.com,john.doe@example.com,1,1,1,19,,0.0,Annecy,I prefer hotels near the beach.,0,1,1,1,0,0,1,0,0,1,1,19,,0.0,Q09NUExFVEVEXzE=,2,1,DEMARRAGE,1,1,19,,0.0,Q09NUExFVEVEXzI=,2,1,,1,2,19,,0.0,Q09NUExFVEVEXzM=,1,0,,1,3,19,,0.0,Q09NUExFVEVEXzQ=,1,0,,1,4,19,,0.0,Q09NUExFVEVEXzU=,2,1,,1,5,19,,0.0,Q09NUExFVEVEXzY=,1,1,,1,6,19,,0.0,Q09NUExFVEVEXzc=,3,1,,1,7,19,,0.0,Q09NUExFVEVEXzg=,2,1,,1,8,19,,0.0,Q09NUExFVEVEXzk=,1,0,,1,9,19,,0.0,Q09NUExFVEVEXzEw,2,1,,1,10,19,,0.0,Q09NUExFVEVEXzEx,3,1,,1,11,19,,0.0,Q09NUExFVEVEXzEy,1,0,,1,12,19,,0.0,Autre,68,Non étudiant,J'habite avec ma famille,0,3,7,0,1,0,60,100,0,25,45,90,1,I compared prices and ratings.,The thumb indicates quality.,I used the thumb to identify quality.,No feedback.,1,1
20,jwgcxoc9,,1,33,32,postexperiment_block,PaymentInfo,2026-06-23 09:20:03.909326,1,,,0.0,,"[1, 3, 4, 6]","[0, 1, 3]",O,"[1, 2, 3, 0]","{""0"": [2, 1, 3, 0], ""1"": [0, 1, 3, 2], ""2"": [0, 2, 3, 1]}","{""0"": [""A"", ""A"", ""P"", ""P""], ""1"": [""A"", ""A"", ""P"", ""P""], ""2"": [""A"", ""A"", ""P"", ""P""]}","O|jwgcxoc9|annecy:2026-10-09-2A,2026-10-23-1A,2026-10-30-3P,2026-11-13-0P|arcachon:2026-10-09-0A,2026-10-23-1A,2026-10-30-3P,2026-11-13-2P|nice:2026-10-09-0A,2026-10-23-2A,2026-10-30-3P,2026-11-13-1P",jgtg3yxs,,,,,0,10.0,1.0,booking_experiment_with_bots,CJJN0EFT,1,20,,0.0,0,0,1,0,1,0,John Doe,1234567890,1234567890,john.doe@example.com,john.doe@example.com,1,1,1,20,,0.0,Le Tréport,I prefer hotels near the beach.,0,1,0,1,1,0,1,0,0,1,1,20,,0.0,Q09NUExFVEVEXzE=,1,0,DEMARRAGE,1,1,20,,0.0,Q09NUExFVEVEXzI=,2,1,,1,2,20,,0.0,Q09NUExFVEVEXzM=,3,1,,1,3,20,,0.0,Q09NUExFVEVEXzQ=,3,0,,1,4,20,,0.0,Q09NUExFVEVEXzU=,3,0,,1,5,20,,0.0,Q09NUExFVEVEXzY=,1,0,,1,6,20,,0.0,Q09NUExFVEVEXzc=,1,1,,1,7,20,,0.0,Q09NUExFVEVEXzg=,3,1,,1,8,20,,0.0,Q09NUExFVEVEXzk=,2,0,,1,9,20,,0.0,Q09NUExFVEVEXzEw,1,1,,1,10,20,,0.0,Q09NUExFVEVEXzEx,1,0,,1,11,20,,0.0,Q09NUExFVEVEXzEy,1,0,,1,12,20,,0.0,Femme,81,Non étudiant,J'habite en couple,1,3,1,0,0,0,10,20,5,10,80,90,4,I compared prices and ratings.,The thumb indicates quality.,I used the thumb to identify quality.,No feedback.,1,1
21,ffb5nh28,,1,33,32,postexperiment_block,PaymentInfo,2026-06-23 09:20:04.087767,1,,,0.0,,"[0, 3, 4, 5]","[1, 2, 3]",N,"[0, 2, 1, 3]","{""0"": [3, 0, 2, 1], ""1"": [1, 0, 2, 3], ""2"": [1, 0, 3, 2]}","{""0"": [""P"", ""P"", ""A"", ""A""], ""1"": [""A"", ""P"", ""P"", ""A""], ""2"": [""A"", ""P"", ""P"", ""A""]}","N|ffb5nh28|arcachon:2026-10-02-3P,2026-10-23-0P,2026-10-30-2A,2026-11-06-1A|le-treport:2026-10-02-1A,2026-10-23-0P,2026-10-30-2P,2026-11-06-3A|nice:2026-10-02-1A,2026-10-23-0P,2026-10-30-3P,2026-11-06-2A",jgtg3yxs,,,,,0,10.0,1.0,booking_experiment_with_bots,CJJN0EFT,1,21,,0.0,0,0,1,0,1,0,John Doe,1234567890,1234567890,john.doe@example.com,john.doe@example.com,1,1,1,21,,0.0,Annecy,I prefer hotels near the beach.,1,0,0,1,1,1,0,0,0,1,1,21,,0.0,Q09NUExFVEVEXzE=,1,1,DEMARRAGE,1,1,21,,0.0,Q09NUExFVEVEXzI=,1,1,,1,2,21,,0.0,Q09NUExFVEVEXzM=,2,1,,1,3,21,,0.0,Q09NUExFVEVEXzQ=,1,0,,1,4,21,,0.0,Q09NUExFVEVEXzU=,2,0,,1,5,21,,0.0,Q09NUExFVEVEXzY=,2,0,,1,6,21,,0.0,Q09NUExFVEVEXzc=,3,0,,1,7,21,,0.0,Q09NUExFVEVEXzg=,3,1,,1,8,21,,0.0,Q09NUExFVEVEXzk=,3,1,,1,9,21,,0.0,Q09NUExFVEVEXzEw,2,0,,1,10,21,,0.0,Q09NUExFVEVEXzEx,1,1,,1,11,21,,0.0,Q09NUExFVEVEXzEy,3,0,,1,12,21,,0.0,Homme,50,Non étudiant,J'habite en couple,1,3,3,1,1,0,25,20,50,75,45,40,4,I compared prices and ratings.,The thumb indicates quality.,I used the thumb to identify quality.,No feedback.,1,1
22,fefv5fav,,1,33,32,postexperiment_block,PaymentInfo,2026-06-23 09:20:04.281683,1,,,0.0,,"[0, 3, 4, 8]","[0, 1, 3]",O,"[2, 3, 0, 1]","{""0"": [1, 2, 0, 3], ""1"": [1, 3, 2, 0], ""2"": [0, 3, 1, 2]}","{""0"": [""A"", ""P"", ""P"", ""A""], ""1"": [""A"", ""P"", ""P"", ""A""], ""2"": [""P"", ""A"", ""P"", ""A""]}","O|fefv5fav|annecy:2026-10-02-1A,2026-10-23-2P,2026-10-30-0P,2026-11-27-3A|arcachon:2026-10-02-1A,2026-10-23-3P,2026-10-30-2P,2026-11-27-0A|nice:2026-10-02-0P,2026-10-23-3A,2026-10-30-1P,2026-11-27-2A",jgtg3yxs,,,,,0,10.0,1.0,booking_experiment_with_bots,CJJN0EFT,1,22,,0.0,0,0,1,0,1,0,John Doe,1234567890,1234567890,john.doe@example.com,john.doe@example.com,1,1,1,22,,0.0,Le Tréport,I prefer hotels near the beach.,1,0,0,1,1,0,0,0,1,1,1,22,,0.0,Q09NUExFVEVEXzE=,2,0,DEMARRAGE,1,1,22,,0.0,Q09NUExFVEVEXzI=,3,0,,1,2,22,,0.0,Q09NUExFVEVEXzM=,1,0,,1,3,22,,0.0,Q09NUExFVEVEXzQ=,3,0,,1,4,22,,0.0,Q09NUExFVEVEXzU=,1,0,,1,5,22,,0.0,Q09NUExFVEVEXzY=,3,0,,1,6,22,,0.0,Q09NUExFVEVEXzc=,2,1,,1,7,22,,0.0,Q09NUExFVEVEXzg=,1,1,,1,8,22,,0.0,Q09NUExFVEVEXzk=,3,1,,1,9,22,,0.0,Q09NUExFVEVEXzEw,2,0,,1,10,22,,0.0,Q09NUExFVEVEXzEx,3,0,,1,11,22,,0.0,Q09NUExFVEVEXzEy,3,1,,1,12,22,,0.0,Femme,53,Étudiant,J'habite seul,0,1,2,1,1,1,20,85,40,55,75,60,3,I compared prices and ratings.,The thumb indicates quality.,I used the thumb to identify quality.,No feedback.,1,1
23,z5oidr76,,1,33,32,postexperiment_block,PaymentInfo,2026-06-23 09:20:04.545174,1,,,0.0,,"[1, 4, 7, 8]","[0, 1, 3]",N,"[1, 0, 2, 3]","{""0"": [2, 1, 0, 3], ""1"": [2, 3, 1, 0], ""2"": [2, 1, 0, 3]}","{""0"": [""A"", ""P"", ""P"", ""A""], ""1"": [""A"", ""P"", ""P"", ""A""], ""2"": [""P"", ""A"", ""P"", ""A""]}","N|z5oidr76|annecy:2026-10-09-2A,2026-10-30-1P,2026-11-20-0P,2026-11-27-3A|arcachon:2026-10-09-2A,2026-10-30-3P,2026-11-20-1P,2026-11-27-0A|nice:2026-10-09-2P,2026-10-30-1A,2026-11-20-0P,2026-11-27-3A",jgtg3yxs,,,,,0,10.0,1.0,booking_experiment_with_bots,CJJN0EFT,1,23,,0.0,0,0,1,0,1,0,John Doe,1234567890,1234567890,john.doe@example.com,john.doe@example.com,1,1,1,23,,0.0,Le Tréport,I prefer hotels near the beach.,0,1,0,0,1,0,0,1,1,1,1,23,,0.0,Q09NUExFVEVEXzE=,3,1,DEMARRAGE,1,1,23,,0.0,Q09NUExFVEVEXzI=,2,0,,1,2,23,,0.0,Q09NUExFVEVEXzM=,2,0,,1,3,23,,0.0,Q09NUExFVEVEXzQ=,2,0,,1,4,23,,0.0,Q09NUExFVEVEXzU=,3,1,,1,5,23,,0.0,Q09NUExFVEVEXzY=,3,0,,1,6,23,,0.0,Q09NUExFVEVEXzc=,1,1,,1,7,23,,0.0,Q09NUExFVEVEXzg=,2,1,,1,8,23,,0.0,Q09NUExFVEVEXzk=,2,0,,1,9,23,,0.0,Q09NUExFVEVEXzEw,2,1,,1,10,23,,0.0,Q09NUExFVEVEXzEx,2,1,,1,11,23,,0.0,Q09NUExFVEVEXzEy,3,1,,1,12,23,,0.0,Autre,85,Étudiant,J'habite en couple,1,2,6,1,0,1,100,5,30,60,100,35,4,I compared prices and ratings.,The thumb indicates quality.,I used the thumb to identify quality.,No feedback.,1,1
24,p0jpeaxj,,1,33,32,postexperiment_block,PaymentInfo,2026-06-23 09:20:04.658430,1,,,0.0,,"[4, 5, 6, 7]","[0, 1, 3]",O,"[3, 2, 1, 0]","{""0"": [0, 2, 1, 3], ""1"": [3, 1, 0, 2], ""2"": [3, 2, 1, 0]}","{""0"": [""A"", ""A"", ""P"", ""P""], ""1"": [""A"", ""P"", ""A"", ""P""], ""2"": [""A"", ""P"", ""P"", ""A""]}","O|p0jpeaxj|annecy:2026-10-30-0A,2026-11-06-2A,2026-11-13-1P,2026-11-20-3P|arcachon:2026-10-30-3A,2026-11-06-1P,2026-11-13-0A,2026-11-20-2P|nice:2026-10-30-3A,2026-11-06-2P,2026-11-13-1P,2026-11-20-0A",jgtg3yxs,,,,,0,10.0,1.0,booking_experiment_with_bots,CJJN0EFT,1,24,,0.0,0,0,1,0,1,0,John Doe,1234567890,1234567890,john.doe@example.com,john.doe@example.com,1,1,1,24,,0.0,Le Tréport,I prefer hotels near the beach.,0,0,0,0,1,1,1,1,0,1,1,24,,0.0,Q09NUExFVEVEXzE=,1,0,DEMARRAGE,1,1,24,,0.0,Q09NUExFVEVEXzI=,2,1,,1,2,24,,0.0,Q09NUExFVEVEXzM=,1,0,,1,3,24,,0.0,Q09NUExFVEVEXzQ=,2,1,,1,4,24,,0.0,Q09NUExFVEVEXzU=,1,1,,1,5,24,,0.0,Q09NUExFVEVEXzY=,3,1,,1,6,24,,0.0,Q09NUExFVEVEXzc=,3,0,,1,7,24,,0.0,Q09NUExFVEVEXzg=,2,1,,1,8,24,,0.0,Q09NUExFVEVEXzk=,2,1,,1,9,24,,0.0,Q09NUExFVEVEXzEw,2,0,,1,10,24,,0.0,Q09NUExFVEVEXzEx,1,1,,1,11,24,,0.0,Q09NUExFVEVEXzEy,1,0,,1,12,24,,0.0,Femme,60,Non étudiant,Autre,0,2,1,1,0,1,20,75,50,50,0,90,4,I compared prices and ratings.,The thumb indicates quality.,I used the thumb to identify quality.,No feedback.,1,1
25,pgtxoaxw,,1,33,32,postexperiment_block,PaymentInfo,2026-06-23 09:21:40.180929,1,,,0.0,,"[0, 1, 6, 8]","[0, 1, 2]",N,"[2, 1, 0, 3]","{""0"": [2, 0, 3, 1], ""1"": [0, 1, 3, 2], ""2"": [2, 3, 1, 0]}","{""0"": [""A"", ""P"", ""A"", ""P""], ""1"": [""A"", ""A"", ""P"", ""P""], ""2"": [""A"", ""P"", ""P"", ""A""]}","N|pgtxoaxw|annecy:2026-10-02-2A,2026-10-09-0P,2026-11-13-3A,2026-11-27-1P|arcachon:2026-10-02-0A,2026-10-09-1A,2026-11-13-3P,2026-11-27-2P|le-treport:2026-10-02-2A,2026-10-09-3P,2026-11-13-1P,2026-11-27-0A",jgtg3yxs,,,,,0,10.0,1.0,booking_experiment_with_bots,CJJN0EFT,1,25,,0.0,0,0,1,0,1,0,John Doe,1234567890,1234567890,john.doe@example.com,john.doe@example.com,1,1,1,25,,0.0,Nice,I prefer hotels near the beach.,1,1,0,0,0,0,1,0,1,1,1,25,,0.0,Q09NUExFVEVEXzE=,2,0,DEMARRAGE,1,1,25,,0.0,Q09NUExFVEVEXzI=,1,0,,1,2,25,,0.0,Q09NUExFVEVEXzM=,1,0,,1,3,25,,0.0,Q09NUExFVEVEXzQ=,3,0,,1,4,25,,0.0,Q09NUExFVEVEXzU=,2,0,,1,5,25,,0.0,Q09NUExFVEVEXzY=,2,1,,1,6,25,,0.0,Q09NUExFVEVEXzc=,3,0,,1,7,25,,0.0,Q09NUExFVEVEXzg=,3,0,,1,8,25,,0.0,Q09NUExFVEVEXzk=,1,1,,1,9,25,,0.0,Q09NUExFVEVEXzEw,3,1,,1,10,25,,0.0,Q09NUExFVEVEXzEx,3,1,,1,11,25,,0.0,Q09NUExFVEVEXzEy,2,0,,1,12,25,,0.0,Autre,51,Non étudiant,J'habite avec ma famille,0,1,5,1,0,1,75,50,15,70,65,85,4,I compared prices and ratings.,The thumb indicates quality.,I used the thumb to identify quality.,No feedback.,1,1
26,9br1ez77,,1,33,32,postexperiment_block,PaymentInfo,2026-06-23 09:21:40.924570,1,,,0.0,,"[2, 3, 5, 8]","[0, 1, 3]",O,"[1, 3, 0, 2]","{""0"": [1, 0, 2, 3], ""1"": [3, 1, 0, 2], ""2"": [0, 3, 2, 1]}","{""0"": [""P"", ""A"", ""P"", ""A""], ""1"": [""A"", ""A"", ""P"", ""P""], ""2"": [""P"", ""A"", ""A"", ""P""]}","O|9br1ez77|annecy:2026-10-16-1P,2026-10-23-0A,2026-11-06-2P,2026-11-27-3A|arcachon:2026-10-16-3A,2026-10-23-1A,2026-11-06-0P,2026-11-27-2P|nice:2026-10-16-0P,2026-10-23-3A,2026-11-06-2A,2026-11-27-1P",jgtg3yxs,,,,,0,10.0,1.0,booking_experiment_with_bots,CJJN0EFT,1,26,,0.0,0,0,1,0,1,0,John Doe,1234567890,1234567890,john.doe@example.com,john.doe@example.com,1,1,1,26,,0.0,Le Tréport,I prefer hotels near the beach.,0,0,1,1,0,1,0,0,1,1,1,26,,0.0,Q09NUExFVEVEXzE=,3,0,DEMARRAGE,1,1,26,,0.0,Q09NUExFVEVEXzI=,3,1,,1,2,26,,0.0,Q09NUExFVEVEXzM=,2,1,,1,3,26,,0.0,Q09NUExFVEVEXzQ=,2,0,,1,4,26,,0.0,Q09NUExFVEVEXzU=,2,0,,1,5,26,,0.0,Q09NUExFVEVEXzY=,2,1,,1,6,26,,0.0,Q09NUExFVEVEXzc=,1,0,,1,7,26,,0.0,Q09NUExFVEVEXzg=,3,1,,1,8,26,,0.0,Q09NUExFVEVEXzk=,2,1,,1,9,26,,0.0,Q09NUExFVEVEXzEw,1,0,,1,10,26,,0.0,Q09NUExFVEVEXzEx,3,0,,1,11,26,,0.0,Q09NUExFVEVEXzEy,1,1,,1,12,26,,0.0,Homme,80,Non étudiant,J'habite avec ma famille,1,2,5,1,1,0,35,40,100,30,0,45,2,I compared prices and ratings.,The thumb indicates quality.,I used the thumb to identify quality.,No feedback.,1,1
27,62uxholu,,1,33,32,postexperiment_block,PaymentInfo,2026-06-23 09:21:41.689518,1,,,0.0,,"[0, 2, 4, 6]","[0, 1, 3]",N,"[1, 2, 3, 0]","{""0"": [1, 3, 2, 0], ""1"": [0, 1, 3, 2], ""2"": [3, 0, 1, 2]}","{""0"": [""A"", ""P"", ""A"", ""P""], ""1"": [""A"", ""P"", ""A"", ""P""], ""2"": [""A"", ""P"", ""A"", ""P""]}","N|62uxholu|annecy:2026-10-02-1A,2026-10-16-3P,2026-10-30-2A,2026-11-13-0P|arcachon:2026-10-02-0A,2026-10-16-1P,2026-10-30-3A,2026-11-13-2P|nice:2026-10-02-3A,2026-10-16-0P,2026-10-30-1A,2026-11-13-2P",jgtg3yxs,,,,,0,10.0,1.0,booking_experiment_with_bots,CJJN0EFT,1,27,,0.0,0,0,1,0,1,0,John Doe,1234567890,1234567890,john.doe@example.com,john.doe@example.com,1,1,1,27,,0.0,Le Tréport,I prefer hotels near the beach.,1,0,1,0,1,0,1,0,0,1,1,27,,0.0,Q09NUExFVEVEXzE=,1,1,DEMARRAGE,1,1,27,,0.0,Q09NUExFVEVEXzI=,3,1,,1,2,27,,0.0,Q09NUExFVEVEXzM=,1,1,,1,3,27,,0.0,Q09NUExFVEVEXzQ=,3,1,,1,4,27,,0.0,Q09NUExFVEVEXzU=,3,1,,1,5,27,,0.0,Q09NUExFVEVEXzY=,2,0,,1,6,27,,0.0,Q09NUExFVEVEXzc=,1,0,,1,7,27,,0.0,Q09NUExFVEVEXzg=,1,1,,1,8,27,,0.0,Q09NUExFVEVEXzk=,1,1,,1,9,27,,0.0,Q09NUExFVEVEXzEw,3,1,,1,10,27,,0.0,Q09NUExFVEVEXzEx,3,0,,1,11,27,,0.0,Q09NUExFVEVEXzEy,1,1,,1,12,27,,0.0,Femme,43,Non étudiant,J'habite avec ma famille,0,3,5,1,1,1,30,75,95,45,15,85,4,I compared prices and ratings.,The thumb indicates quality.,I used the thumb to identify quality.,No feedback.,1,1
28,w5w43bsg,,1,33,32,postexperiment_block,PaymentInfo,2026-06-23 09:21:42.299051,1,,,0.0,,"[3, 6, 7, 8]","[0, 1, 3]",O,"[2, 3, 0, 1]","{""0"": [0, 1, 2, 3], ""1"": [2, 1, 0, 3], ""2"": [1, 0, 2, 3]}","{""0"": [""P"", ""P"", ""A"", ""A""], ""1"": [""P"", ""A"", ""A"", ""P""], ""2"": [""A"", ""A"", ""P"", ""P""]}","O|w5w43bsg|annecy:2026-10-23-0P,2026-11-13-1P,2026-11-20-2A,2026-11-27-3A|arcachon:2026-10-23-2P,2026-11-13-1A,2026-11-20-0A,2026-11-27-3P|nice:2026-10-23-1A,2026-11-13-0A,2026-11-20-2P,2026-11-27-3P",jgtg3yxs,,,,,0,10.0,1.0,booking_experiment_with_bots,CJJN0EFT,1,28,,0.0,0,0,1,0,1,0,John Doe,1234567890,1234567890,john.doe@example.com,john.doe@example.com,1,1,1,28,,0.0,Le Tréport,I prefer hotels near the beach.,0,0,0,1,0,0,1,1,1,1,1,28,,0.0,Q09NUExFVEVEXzE=,3,0,DEMARRAGE,1,1,28,,0.0,Q09NUExFVEVEXzI=,1,1,,1,2,28,,0.0,Q09NUExFVEVEXzM=,3,1,,1,3,28,,0.0,Q09NUExFVEVEXzQ=,2,1,,1,4,28,,0.0,Q09NUExFVEVEXzU=,3,0,,1,5,28,,0.0,Q09NUExFVEVEXzY=,1,1,,1,6,28,,0.0,Q09NUExFVEVEXzc=,2,1,,1,7,28,,0.0,Q09NUExFVEVEXzg=,1,0,,1,8,28,,0.0,Q09NUExFVEVEXzk=,1,1,,1,9,28,,0.0,Q09NUExFVEVEXzEw,2,0,,1,10,28,,0.0,Q09NUExFVEVEXzEx,3,0,,1,11,28,,0.0,Q09NUExFVEVEXzEy,2,0,,1,12,28,,0.0,Femme,88,Étudiant,J'habite seul,0,1,4,1,0,1,75,50,80,15,0,40,4,I compared prices and ratings.,The thumb indicates quality.,I used the thumb to identify quality.,No feedback.,1,1
29,bfy4ii1t,,1,33,32,postexperiment_block,PaymentInfo,2026-06-23 09:21:43.152537,1,,,0.0,,"[1, 2, 4, 7]","[0, 2, 3]",N,"[3, 0, 2, 1]","{""0"": [2, 0, 3, 1], ""1"": [2, 1, 3, 0], ""2"": [0, 3, 1, 2]}","{""0"": [""A"", ""P"", ""P"", ""A""], ""1"": [""P"", ""A"", ""A"", ""P""], ""2"": [""A"", ""A"", ""P"", ""P""]}","N|bfy4ii1t|annecy:2026-10-09-2A,2026-10-16-0P,2026-10-30-3P,2026-11-20-1A|le-treport:2026-10-09-2P,2026-10-16-1A,2026-10-30-3A,2026-11-20-0P|nice:2026-10-09-0A,2026-10-16-3A,2026-10-30-1P,2026-11-20-2P",jgtg3yxs,,,,,0,10.0,1.0,booking_experiment_with_bots,CJJN0EFT,1,29,,0.0,0,0,1,0,1,0,John Doe,1234567890,1234567890,john.doe@example.com,john.doe@example.com,1,1,1,29,,0.0,Arcachon,I prefer hotels near the beach.,0,1,1,0,1,0,0,1,0,1,1,29,,0.0,Q09NUExFVEVEXzE=,3,1,DEMARRAGE,1,1,29,,0.0,Q09NUExFVEVEXzI=,2,0,,1,2,29,,0.0,Q09NUExFVEVEXzM=,2,0,,1,3,29,,0.0,Q09NUExFVEVEXzQ=,2,1,,1,4,29,,0.0,Q09NUExFVEVEXzU=,1,0,,1,5,29,,0.0,Q09NUExFVEVEXzY=,2,1,,1,6,29,,0.0,Q09NUExFVEVEXzc=,2,1,,1,7,29,,0.0,Q09NUExFVEVEXzg=,2,1,,1,8,29,,0.0,Q09NUExFVEVEXzk=,3,0,,1,9,29,,0.0,Q09NUExFVEVEXzEw,1,0,,1,10,29,,0.0,Q09NUExFVEVEXzEx,1,0,,1,11,29,,0.0,Q09NUExFVEVEXzEy,1,1,,1,12,29,,0.0,Femme,43,Non étudiant,J'habite avec ma famille,0,4,6,0,1,0,40,70,25,15,75,30,1,I compared prices and ratings.,The thumb indicates quality.,I used the thumb to identify quality.,No feedback.,1,1
30,j1h5qsg5,,1,33,32,postexperiment_block,PaymentInfo,2026-06-23 09:21:43.991433,1,,,0.0,,"[0, 1, 5, 7]","[1, 2, 3]",O,"[1, 0, 2, 3]","{""0"": [3, 2, 1, 0], ""1"": [0, 1, 3, 2], ""2"": [1, 0, 2, 3]}","{""0"": [""A"", ""P"", ""P"", ""A""], ""1"": [""A"", ""P"", ""P"", ""A""], ""2"": [""A"", ""P"", ""P"", ""A""]}","O|j1h5qsg5|arcachon:2026-10-02-3A,2026-10-09-2P,2026-11-06-1P,2026-11-20-0A|le-treport:2026-10-02-0A,2026-10-09-1P,2026-11-06-3P,2026-11-20-2A|nice:2026-10-02-1A,2026-10-09-0P,2026-11-06-2P,2026-11-20-3A",jgtg3yxs,,,,,0,10.0,1.0,booking_experiment_with_bots,CJJN0EFT,1,30,,0.0,0,0,1,0,1,0,John Doe,1234567890,1234567890,john.doe@example.com,john.doe@example.com,1,1,1,30,,0.0,Annecy,I prefer hotels near the beach.,1,1,0,0,0,1,0,1,0,1,1,30,,0.0,Q09NUExFVEVEXzE=,3,0,DEMARRAGE,1,1,30,,0.0,Q09NUExFVEVEXzI=,1,0,,1,2,30,,0.0,Q09NUExFVEVEXzM=,2,0,,1,3,30,,0.0,Q09NUExFVEVEXzQ=,2,1,,1,4,30,,0.0,Q09NUExFVEVEXzU=,3,1,,1,5,30,,0.0,Q09NUExFVEVEXzY=,1,1,,1,6,30,,0.0,Q09NUExFVEVEXzc=,1,0,,1,7,30,,0.0,Q09NUExFVEVEXzg=,2,0,,1,8,30,,0.0,Q09NUExFVEVEXzk=,2,1,,1,9,30,,0.0,Q09NUExFVEVEXzEw,1,0,,1,10,30,,0.0,Q09NUExFVEVEXzEx,2,0,,1,11,30,,0.0,Q09NUExFVEVEXzEy,3,1,,1,12,30,,0.0,Autre,80,Étudiant,J'habite seul,1,3,6,0,1,1,80,0,45,75,55,65,4,I compared prices and ratings.,The thumb indicates quality.,I used the thumb to identify quality.,No feedback.,1,1
31,pbf91bwl,,1,33,32,postexperiment_block,PaymentInfo,2026-06-23 09:21:44.909348,1,,,0.0,,"[2, 3, 4, 5]","[0, 2, 3]",N,"[2, 0, 1, 3]","{""0"": [0, 2, 1, 3], ""1"": [2, 3, 0, 1], ""2"": [0, 3, 1, 2]}","{""0"": [""A"", ""P"", ""A"", ""P""], ""1"": [""A"", ""P"", ""P"", ""A""], ""2"": [""A"", ""A"", ""P"", ""P""]}","N|pbf91bwl|annecy:2026-10-16-0A,2026-10-23-2P,2026-10-30-1A,2026-11-06-3P|le-treport:2026-10-16-2A,2026-10-23-3P,2026-10-30-0P,2026-11-06-1A|nice:2026-10-16-0A,2026-10-23-3A,2026-10-30-1P,2026-11-06-2P",jgtg3yxs,,,,,0,10.0,1.0,booking_experiment_with_bots,CJJN0EFT,1,31,,0.0,0,0,1,0,1,0,John Doe,1234567890,1234567890,john.doe@example.com,john.doe@example.com,1,1,1,31,,0.0,Arcachon,I prefer hotels near the beach.,0,0,1,1,1,1,0,0,0,1,1,31,,0.0,Q09NUExFVEVEXzE=,1,0,DEMARRAGE,1,1,31,,0.0,Q09NUExFVEVEXzI=,3,1,,1,2,31,,0.0,Q09NUExFVEVEXzM=,3,1,,1,3,31,,0.0,Q09NUExFVEVEXzQ=,2,0,,1,4,31,,0.0,Q09NUExFVEVEXzU=,3,1,,1,5,31,,0.0,Q09NUExFVEVEXzY=,2,0,,1,6,31,,0.0,Q09NUExFVEVEXzc=,1,0,,1,7,31,,0.0,Q09NUExFVEVEXzg=,1,1,,1,8,31,,0.0,Q09NUExFVEVEXzk=,3,1,,1,9,31,,0.0,Q09NUExFVEVEXzEw,1,0,,1,10,31,,0.0,Q09NUExFVEVEXzEx,3,0,,1,11,31,,0.0,Q09NUExFVEVEXzEy,3,0,,1,12,31,,0.0,Homme,42,Non étudiant,J'habite seul,1,4,3,0,1,0,65,80,35,25,60,40,2,I compared prices and ratings.,The thumb indicates quality.,I used the thumb to identify quality.,No feedback.,1,1
32,2za8jbuf,,1,33,32,postexperiment_block,PaymentInfo,2026-06-23 09:21:45.523547,1,,,0.0,,"[0, 2, 7, 8]","[0, 2, 3]",O,"[2, 1, 0, 3]","{""0"": [1, 0, 3, 2], ""1"": [1, 0, 2, 3], ""2"": [1, 2, 3, 0]}","{""0"": [""A"", ""P"", ""A"", ""P""], ""1"": [""P"", ""A"", ""A"", ""P""], ""2"": [""P"", ""P"", ""A"", ""A""]}","O|2za8jbuf|annecy:2026-10-02-1A,2026-10-16-0P,2026-11-20-3A,2026-11-27-2P|le-treport:2026-10-02-1P,2026-10-16-0A,2026-11-20-2A,2026-11-27-3P|nice:2026-10-02-1P,2026-10-16-2P,2026-11-20-3A,2026-11-27-0A",jgtg3yxs,,,,,0,10.0,1.0,booking_experiment_with_bots,CJJN0EFT,1,32,,0.0,0,0,1,0,1,0,John Doe,1234567890,1234567890,john.doe@example.com,john.doe@example.com,1,1,1,32,,0.0,Arcachon,I prefer hotels near the beach.,1,0,1,0,0,0,0,1,1,1,1,32,,0.0,Q09NUExFVEVEXzE=,2,0,DEMARRAGE,1,1,32,,0.0,Q09NUExFVEVEXzI=,2,1,,1,2,32,,0.0,Q09NUExFVEVEXzM=,1,0,,1,3,32,,0.0,Q09NUExFVEVEXzQ=,3,0,,1,4,32,,0.0,Q09NUExFVEVEXzU=,1,0,,1,5,32,,0.0,Q09NUExFVEVEXzY=,3,1,,1,6,32,,0.0,Q09NUExFVEVEXzc=,2,0,,1,7,32,,0.0,Q09NUExFVEVEXzg=,3,1,,1,8,32,,0.0,Q09NUExFVEVEXzk=,1,1,,1,9,32,,0.0,Q09NUExFVEVEXzEw,3,0,,1,10,32,,0.0,Q09NUExFVEVEXzEx,1,1,,1,11,32,,0.0,Q09NUExFVEVEXzEy,3,1,,1,12,32,,0.0,Autre,35,Étudiant,Autre,0,3,4,0,1,1,100,100,20,75,50,40,1,I compared prices and ratings.,The thumb indicates quality.,I used the thumb to identify quality.,No feedback.,1,1
33,u0mylv7t,,1,33,32,postexperiment_block,PaymentInfo,2026-06-23 09:21:46.292899,1,,,0.0,,"[3, 4, 6, 7]","[0, 1, 2]",N,"[0, 2, 1, 3]","{""0"": [2, 3, 0, 1], ""1"": [3, 1, 0, 2], ""2"": [1, 2, 0, 3]}","{""0"": [""A"", ""P"", ""P"", ""A""], ""1"": [""A"", ""A"", ""P"", ""P""], ""2"": [""A"", ""P"", ""A"", ""P""]}","N|u0mylv7t|annecy:2026-10-23-2A,2026-10-30-3P,2026-11-13-0P,2026-11-20-1A|arcachon:2026-10-23-3A,2026-10-30-1A,2026-11-13-0P,2026-11-20-2P|le-treport:2026-10-23-1A,2026-10-30-2P,2026-11-13-0A,2026-11-20-3P",jgtg3yxs,,,,,0,10.0,1.0,booking_experiment_with_bots,CJJN0EFT,1,33,,0.0,0,0,1,0,1,0,John Doe,1234567890,1234567890,john.doe@example.com,john.doe@example.com,1,1,1,33,,0.0,Nice,I prefer hotels near the beach.,0,0,0,1,1,0,1,1,0,1,1,33,,0.0,Q09NUExFVEVEXzE=,2,0,DEMARRAGE,1,1,33,,0.0,Q09NUExFVEVEXzI=,1,1,,1,2,33,,0.0,Q09NUExFVEVEXzM=,3,0,,1,3,33,,0.0,Q09NUExFVEVEXzQ=,2,1,,1,4,33,,0.0,Q09NUExFVEVEXzU=,2,1,,1,5,33,,0.0,Q09NUExFVEVEXzY=,3,0,,1,6,33,,0.0,Q09NUExFVEVEXzc=,3,1,,1,7,33,,0.0,Q09NUExFVEVEXzg=,1,1,,1,8,33,,0.0,Q09NUExFVEVEXzk=,1,1,,1,9,33,,0.0,Q09NUExFVEVEXzEw,1,1,,1,10,33,,0.0,Q09NUExFVEVEXzEx,2,1,,1,11,33,,0.0,Q09NUExFVEVEXzEy,1,0,,1,12,33,,0.0,Autre,63,Étudiant,J'habite seul,1,3,5,1,0,1,75,65,85,50,5,25,4,I compared prices and ratings.,The thumb indicates quality.,I used the thumb to identify quality.,No feedback.,1,1
34,wctls4wi,,1,33,32,postexperiment_block,PaymentInfo,2026-06-23 09:21:46.928650,1,,,0.0,,"[0, 5, 7, 8]","[1, 2, 3]",O,"[1, 3, 2, 0]","{""0"": [0, 1, 3, 2], ""1"": [2, 0, 3, 1], ""2"": [0, 3, 2, 1]}","{""0"": [""P"", ""P"", ""A"", ""A""], ""1"": [""P"", ""P"", ""A"", ""A""], ""2"": [""A"", ""P"", ""A"", ""P""]}","O|wctls4wi|arcachon:2026-10-02-0P,2026-11-06-1P,2026-11-20-3A,2026-11-27-2A|le-treport:2026-10-02-2P,2026-11-06-0P,2026-11-20-3A,2026-11-27-1A|nice:2026-10-02-0A,2026-11-06-3P,2026-11-20-2A,2026-11-27-1P",jgtg3yxs,,,,,0,10.0,1.0,booking_experiment_with_bots,CJJN0EFT,1,34,,0.0,0,0,1,0,1,0,John Doe,1234567890,1234567890,john.doe@example.com,john.doe@example.com,1,1,1,34,,0.0,Annecy,I prefer hotels near the beach.,1,0,0,0,0,1,0,1,1,1,1,34,,0.0,Q09NUExFVEVEXzE=,3,1,DEMARRAGE,1,1,34,,0.0,Q09NUExFVEVEXzI=,3,0,,1,2,34,,0.0,Q09NUExFVEVEXzM=,2,1,,1,3,34,,0.0,Q09NUExFVEVEXzQ=,3,1,,1,4,34,,0.0,Q09NUExFVEVEXzU=,3,0,,1,5,34,,0.0,Q09NUExFVEVEXzY=,3,1,,1,6,34,,0.0,Q09NUExFVEVEXzc=,1,0,,1,7,34,,0.0,Q09NUExFVEVEXzg=,3,0,,1,8,34,,0.0,Q09NUExFVEVEXzk=,1,1,,1,9,34,,0.0,Q09NUExFVEVEXzEw,2,1,,1,10,34,,0.0,Q09NUExFVEVEXzEx,1,0,,1,11,34,,0.0,Q09NUExFVEVEXzEy,1,1,,1,12,34,,0.0,Femme,21,Étudiant,Autre,0,3,6,1,0,1,10,50,15,95,65,50,2,I compared prices and ratings.,The thumb indicates quality.,I used the thumb to identify quality.,No feedback.,1,1
35,z6ogcdnt,,1,33,32,postexperiment_block,PaymentInfo,2026-06-23 09:21:47.920074,1,,,0.0,,"[2, 3, 6, 7]","[0, 1, 2]",N,"[1, 3, 2, 0]","{""0"": [0, 2, 1, 3], ""1"": [3, 0, 1, 2], ""2"": [3, 1, 2, 0]}","{""0"": [""P"", ""P"", ""A"", ""A""], ""1"": [""A"", ""A"", ""P"", ""P""], ""2"": [""P"", ""P"", ""A"", ""A""]}","N|z6ogcdnt|annecy:2026-10-16-0P,2026-10-23-2P,2026-11-13-1A,2026-11-20-3A|arcachon:2026-10-16-3A,2026-10-23-0A,2026-11-13-1P,2026-11-20-2P|le-treport:2026-10-16-3P,2026-10-23-1P,2026-11-13-2A,2026-11-20-0A",jgtg3yxs,,,,,0,10.0,1.0,booking_experiment_with_bots,CJJN0EFT,1,35,,0.0,0,0,1,0,1,0,John Doe,1234567890,1234567890,john.doe@example.com,john.doe@example.com,1,1,1,35,,0.0,Nice,I prefer hotels near the beach.,0,0,1,1,0,0,1,1,0,1,1,35,,0.0,Q09NUExFVEVEXzE=,3,1,DEMARRAGE,1,1,35,,0.0,Q09NUExFVEVEXzI=,2,0,,1,2,35,,0.0,Q09NUExFVEVEXzM=,1,0,,1,3,35,,0.0,Q09NUExFVEVEXzQ=,1,0,,1,4,35,,0.0,Q09NUExFVEVEXzU=,2,0,,1,5,35,,0.0,Q09NUExFVEVEXzY=,1,1,,1,6,35,,0.0,Q09NUExFVEVEXzc=,1,1,,1,7,35,,0.0,Q09NUExFVEVEXzg=,2,0,,1,8,35,,0.0,Q09NUExFVEVEXzk=,2,0,,1,9,35,,0.0,Q09NUExFVEVEXzEw,1,1,,1,10,35,,0.0,Q09NUExFVEVEXzEx,1,1,,1,11,35,,0.0,Q09NUExFVEVEXzEy,1,0,,1,12,35,,0.0,Autre,63,Étudiant,Autre,1,1,1,0,1,0,0,95,95,70,5,65,4,I compared prices and ratings.,The thumb indicates quality.,I used the thumb to identify quality.,No feedback.,1,1
36,z8p7s5vb,,1,33,32,postexperiment_block,PaymentInfo,2026-06-23 09:21:49.115270,1,,,0.0,,"[1, 3, 4, 5]","[0, 2, 3]",O,"[3, 1, 0, 2]","{""0"": [1, 0, 3, 2], ""1"": [3, 2, 0, 1], ""2"": [2, 1, 0, 3]}","{""0"": [""A"", ""P"", ""P"", ""A""], ""1"": [""P"", ""A"", ""P"", ""A""], ""2"": [""A"", ""A"", ""P"", ""P""]}","O|z8p7s5vb|annecy:2026-10-09-1A,2026-10-23-0P,2026-10-30-3P,2026-11-06-2A|le-treport:2026-10-09-3P,2026-10-23-2A,2026-10-30-0P,2026-11-06-1A|nice:2026-10-09-2A,2026-10-23-1A,2026-10-30-0P,2026-11-06-3P",jgtg3yxs,,,,,0,10.0,1.0,booking_experiment_with_bots,CJJN0EFT,1,36,,0.0,0,0,1,0,1,0,John Doe,1234567890,1234567890,john.doe@example.com,john.doe@example.com,1,1,1,36,,0.0,Arcachon,I prefer hotels near the beach.,0,1,0,1,1,1,0,0,0,1,1,36,,0.0,Q09NUExFVEVEXzE=,3,1,DEMARRAGE,1,1,36,,0.0,Q09NUExFVEVEXzI=,2,0,,1,2,36,,0.0,Q09NUExFVEVEXzM=,2,0,,1,3,36,,0.0,Q09NUExFVEVEXzQ=,2,1,,1,4,36,,0.0,Q09NUExFVEVEXzU=,2,0,,1,5,36,,0.0,Q09NUExFVEVEXzY=,1,0,,1,6,36,,0.0,Q09NUExFVEVEXzc=,2,1,,1,7,36,,0.0,Q09NUExFVEVEXzg=,3,1,,1,8,36,,0.0,Q09NUExFVEVEXzk=,2,1,,1,9,36,,0.0,Q09NUExFVEVEXzEw,2,1,,1,10,36,,0.0,Q09NUExFVEVEXzEx,2,1,,1,11,36,,0.0,Q09NUExFVEVEXzEy,2,0,,1,12,36,,0.0,Autre,61,Non étudiant,J'habite en couple,1,3,2,1,0,1,95,10,80,30,30,90,2,I compared prices and ratings.,The thumb indicates quality.,I used the thumb to identify quality.,No feedback.,1,1
37,uqg72ruu,,1,33,32,postexperiment_block,PaymentInfo,2026-06-23 09:21:49.818114,1,,,0.0,,"[1, 2, 3, 8]","[0, 1, 3]",N,"[0, 2, 1, 3]","{""0"": [0, 3, 1, 2], ""1"": [3, 0, 1, 2], ""2"": [1, 3, 0, 2]}","{""0"": [""P"", ""P"", ""A"", ""A""], ""1"": [""A"", ""P"", ""A"", ""P""], ""2"": [""P"", ""A"", ""A"", ""P""]}","N|uqg72ruu|annecy:2026-10-09-0P,2026-10-16-3P,2026-10-23-1A,2026-11-27-2A|arcachon:2026-10-09-3A,2026-10-16-0P,2026-10-23-1A,2026-11-27-2P|nice:2026-10-09-1P,2026-10-16-3A,2026-10-23-0A,2026-11-27-2P",jgtg3yxs,,,,,0,10.0,1.0,booking_experiment_with_bots,CJJN0EFT,1,37,,0.0,0,0,1,0,1,0,John Doe,1234567890,1234567890,john.doe@example.com,john.doe@example.com,1,1,1,37,,0.0,Le Tréport,I prefer hotels near the beach.,0,1,1,1,0,0,0,0,1,1,1,37,,0.0,Q09NUExFVEVEXzE=,3,1,DEMARRAGE,1,1,37,,0.0,Q09NUExFVEVEXzI=,1,0,,1,2,37,,0.0,Q09NUExFVEVEXzM=,2,1,,1,3,37,,0.0,Q09NUExFVEVEXzQ=,2,1,,1,4,37,,0.0,Q09NUExFVEVEXzU=,1,0,,1,5,37,,0.0,Q09NUExFVEVEXzY=,1,0,,1,6,37,,0.0,Q09NUExFVEVEXzc=,2,0,,1,7,37,,0.0,Q09NUExFVEVEXzg=,2,1,,1,8,37,,0.0,Q09NUExFVEVEXzk=,1,0,,1,9,37,,0.0,Q09NUExFVEVEXzEw,2,0,,1,10,37,,0.0,Q09NUExFVEVEXzEx,3,0,,1,11,37,,0.0,Q09NUExFVEVEXzEy,3,1,,1,12,37,,0.0,Autre,53,Non étudiant,Autre,0,1,5,0,1,1,65,0,0,20,75,15,3,I compared prices and ratings.,The thumb indicates quality.,I used the thumb to identify quality.,No feedback.,1,1
38,32hr3wex,,1,33,32,postexperiment_block,PaymentInfo,2026-06-23 09:21:50.201328,1,,,0.0,,"[1, 2, 4, 8]","[0, 2, 3]",O,"[2, 1, 0, 3]","{""0"": [3, 2, 0, 1], ""1"": [3, 2, 0, 1], ""2"": [2, 0, 3, 1]}","{""0"": [""P"", ""A"", ""A"", ""P""], ""1"": [""A"", ""P"", ""A"", ""P""], ""2"": [""P"", ""P"", ""A"", ""A""]}","O|32hr3wex|annecy:2026-10-09-3P,2026-10-16-2A,2026-10-30-0A,2026-11-27-1P|le-treport:2026-10-09-3A,2026-10-16-2P,2026-10-30-0A,2026-11-27-1P|nice:2026-10-09-2P,2026-10-16-0P,2026-10-30-3A,2026-11-27-1A",jgtg3yxs,,,,,0,10.0,1.0,booking_experiment_with_bots,CJJN0EFT,1,38,,0.0,0,0,1,0,1,0,John Doe,1234567890,1234567890,john.doe@example.com,john.doe@example.com,1,1,1,38,,0.0,Arcachon,I prefer hotels near the beach.,0,1,1,0,1,0,0,0,1,1,1,38,,0.0,Q09NUExFVEVEXzE=,1,0,DEMARRAGE,1,1,38,,0.0,Q09NUExFVEVEXzI=,3,0,,1,2,38,,0.0,Q09NUExFVEVEXzM=,2,1,,1,3,38,,0.0,Q09NUExFVEVEXzQ=,2,1,,1,4,38,,0.0,Q09NUExFVEVEXzU=,2,0,,1,5,38,,0.0,Q09NUExFVEVEXzY=,1,1,,1,6,38,,0.0,Q09NUExFVEVEXzc=,1,1,,1,7,38,,0.0,Q09NUExFVEVEXzg=,3,1,,1,8,38,,0.0,Q09NUExFVEVEXzk=,2,1,,1,9,38,,0.0,Q09NUExFVEVEXzEw,3,1,,1,10,38,,0.0,Q09NUExFVEVEXzEx,2,1,,1,11,38,,0.0,Q09NUExFVEVEXzEy,2,1,,1,12,38,,0.0,Femme,64,Étudiant,J'habite en couple,0,3,4,1,0,0,35,60,85,40,20,70,2,I compared prices and ratings.,The thumb indicates quality.,I used the thumb to identify quality.,No feedback.,1,1
39,8d3z51ca,,1,33,32,postexperiment_block,PaymentInfo,2026-06-23 09:21:51.005246,1,,,0.0,,"[0, 5, 6, 7]","[0, 2, 3]",N,"[3, 0, 1, 2]","{""0"": [2, 0, 1, 3], ""1"": [2, 1, 0, 3], ""2"": [3, 2, 1, 0]}","{""0"": [""P"", ""A"", ""P"", ""A""], ""1"": [""P"", ""P"", ""A"", ""A""], ""2"": [""A"", ""A"", ""P"", ""P""]}","N|8d3z51ca|annecy:2026-10-02-2P,2026-11-06-0A,2026-11-13-1P,2026-11-20-3A|le-treport:2026-10-02-2P,2026-11-06-1P,2026-11-13-0A,2026-11-20-3A|nice:2026-10-02-3A,2026-11-06-2A,2026-11-13-1P,2026-11-20-0P",jgtg3yxs,,,,,0,10.0,1.0,booking_experiment_with_bots,CJJN0EFT,1,39,,0.0,0,0,1,0,1,0,John Doe,1234567890,1234567890,john.doe@example.com,john.doe@example.com,1,1,1,39,,0.0,Arcachon,I prefer hotels near the beach.,1,0,0,0,0,1,1,1,0,1,1,39,,0.0,Q09NUExFVEVEXzE=,3,0,DEMARRAGE,1,1,39,,0.0,Q09NUExFVEVEXzI=,3,0,,1,2,39,,0.0,Q09NUExFVEVEXzM=,3,1,,1,3,39,,0.0,Q09NUExFVEVEXzQ=,1,1,,1,4,39,,0.0,Q09NUExFVEVEXzU=,3,0,,1,5,39,,0.0,Q09NUExFVEVEXzY=,2,0,,1,6,39,,0.0,Q09NUExFVEVEXzc=,3,1,,1,7,39,,0.0,Q09NUExFVEVEXzg=,1,1,,1,8,39,,0.0,Q09NUExFVEVEXzk=,1,0,,1,9,39,,0.0,Q09NUExFVEVEXzEw,3,0,,1,10,39,,0.0,Q09NUExFVEVEXzEx,1,1,,1,11,39,,0.0,Q09NUExFVEVEXzEy,3,1,,1,12,39,,0.0,Autre,70,Non étudiant,J'habite seul,0,1,4,1,1,1,75,10,0,30,55,0,3,I compared prices and ratings.,The thumb indicates quality.,I used the thumb to identify quality.,No feedback.,1,1
40,zzvjv80b,,1,33,32,postexperiment_block,PaymentInfo,2026-06-23 09:21:51.650011,1,,,0.0,,"[0, 1, 4, 5]","[1, 2, 3]",O,"[2, 1, 3, 0]","{""0"": [2, 3, 1, 0], ""1"": [1, 2, 0, 3], ""2"": [2, 1, 3, 0]}","{""0"": [""A"", ""P"", ""P"", ""A""], ""1"": [""P"", ""P"", ""A"", ""A""], ""2"": [""A"", ""P"", ""P"", ""A""]}","O|zzvjv80b|arcachon:2026-10-02-2A,2026-10-09-3P,2026-10-30-1P,2026-11-06-0A|le-treport:2026-10-02-1P,2026-10-09-2P,2026-10-30-0A,2026-11-06-3A|nice:2026-10-02-2A,2026-10-09-1P,2026-10-30-3P,2026-11-06-0A",jgtg3yxs,,,,,0,10.0,1.0,booking_experiment_with_bots,CJJN0EFT,1,40,,0.0,0,0,1,0,1,0,John Doe,1234567890,1234567890,john.doe@example.com,john.doe@example.com,1,1,1,40,,0.0,Annecy,I prefer hotels near the beach.,1,1,0,0,1,1,0,0,0,1,1,40,,0.0,Q09NUExFVEVEXzE=,1,0,DEMARRAGE,1,1,40,,0.0,Q09NUExFVEVEXzI=,2,1,,1,2,40,,0.0,Q09NUExFVEVEXzM=,3,0,,1,3,40,,0.0,Q09NUExFVEVEXzQ=,1,0,,1,4,40,,0.0,Q09NUExFVEVEXzU=,1,0,,1,5,40,,0.0,Q09NUExFVEVEXzY=,1,1,,1,6,40,,0.0,Q09NUExFVEVEXzc=,1,0,,1,7,40,,0.0,Q09NUExFVEVEXzg=,3,1,,1,8,40,,0.0,Q09NUExFVEVEXzk=,3,0,,1,9,40,,0.0,Q09NUExFVEVEXzEw,1,0,,1,10,40,,0.0,Q09NUExFVEVEXzEx,3,0,,1,11,40,,0.0,Q09NUExFVEVEXzEy,3,0,,1,12,40,,0.0,Homme,52,Non étudiant,J'habite seul,1,4,3,0,0,1,60,100,55,75,55,35,3,I compared prices and ratings.,The thumb indicates quality.,I used the thumb to identify quality.,No feedback.,1,1
41,uiayw8ic,,1,33,32,postexperiment_block,PaymentInfo,2026-06-23 09:21:52.036219,1,,,0.0,,"[1, 3, 4, 6]","[1, 2, 3]",N,"[0, 2, 3, 1]","{""0"": [1, 2, 3, 0], ""1"": [2, 3, 1, 0], ""2"": [0, 2, 3, 1]}","{""0"": [""A"", ""P"", ""A"", ""P""], ""1"": [""P"", ""P"", ""A"", ""A""], ""2"": [""A"", ""P"", ""A"", ""P""]}","N|uiayw8ic|arcachon:2026-10-09-1A,2026-10-23-2P,2026-10-30-3A,2026-11-13-0P|le-treport:2026-10-09-2P,2026-10-23-3P,2026-10-30-1A,2026-11-13-0A|nice:2026-10-09-0A,2026-10-23-2P,2026-10-30-3A,2026-11-13-1P",jgtg3yxs,,,,,0,10.0,1.0,booking_experiment_with_bots,CJJN0EFT,1,41,,0.0,0,0,1,0,1,0,John Doe,1234567890,1234567890,john.doe@example.com,john.doe@example.com,1,1,1,41,,0.0,Annecy,I prefer hotels near the beach.,0,1,0,1,1,0,1,0,0,1,1,41,,0.0,Q09NUExFVEVEXzE=,3,1,DEMARRAGE,1,1,41,,0.0,Q09NUExFVEVEXzI=,2,1,,1,2,41,,0.0,Q09NUExFVEVEXzM=,3,0,,1,3,41,,0.0,Q09NUExFVEVEXzQ=,3,0,,1,4,41,,0.0,Q09NUExFVEVEXzU=,3,1,,1,5,41,,0.0,Q09NUExFVEVEXzY=,3,0,,1,6,41,,0.0,Q09NUExFVEVEXzc=,3,0,,1,7,41,,0.0,Q09NUExFVEVEXzg=,2,0,,1,8,41,,0.0,Q09NUExFVEVEXzk=,3,0,,1,9,41,,0.0,Q09NUExFVEVEXzEw,3,1,,1,10,41,,0.0,Q09NUExFVEVEXzEx,1,1,,1,11,41,,0.0,Q09NUExFVEVEXzEy,2,0,,1,12,41,,0.0,Autre,61,Non étudiant,Autre,0,4,3,1,1,1,65,85,65,95,35,95,1,I compared prices and ratings.,The thumb indicates quality.,I used the thumb to identify quality.,No feedback.,1,1
42,4r8l6pgz,,1,33,32,postexperiment_block,PaymentInfo,2026-06-23 09:21:54.048293,1,,,0.0,,"[0, 1, 2, 6]","[1, 2, 3]",O,"[1, 0, 3, 2]","{""0"": [3, 1, 2, 0], ""1"": [1, 3, 2, 0], ""2"": [3, 0, 1, 2]}","{""0"": [""A"", ""A"", ""P"", ""P""], ""1"": [""P"", ""A"", ""A"", ""P""], ""2"": [""P"", ""P"", ""A"", ""A""]}","O|4r8l6pgz|arcachon:2026-10-02-3A,2026-10-09-1A,2026-10-16-2P,2026-11-13-0P|le-treport:2026-10-02-1P,2026-10-09-3A,2026-10-16-2A,2026-11-13-0P|nice:2026-10-02-3P,2026-10-09-0P,2026-10-16-1A,2026-11-13-2A",jgtg3yxs,,,,,0,10.0,1.0,booking_experiment_with_bots,CJJN0EFT,1,42,,0.0,0,0,1,0,1,0,John Doe,1234567890,1234567890,john.doe@example.com,john.doe@example.com,1,1,1,42,,0.0,Annecy,I prefer hotels near the beach.,1,1,1,0,0,0,1,0,0,1,1,42,,0.0,Q09NUExFVEVEXzE=,3,0,DEMARRAGE,1,1,42,,0.0,Q09NUExFVEVEXzI=,1,0,,1,2,42,,0.0,Q09NUExFVEVEXzM=,1,0,,1,3,42,,0.0,Q09NUExFVEVEXzQ=,1,0,,1,4,42,,0.0,Q09NUExFVEVEXzU=,1,1,,1,5,42,,0.0,Q09NUExFVEVEXzY=,2,0,,1,6,42,,0.0,Q09NUExFVEVEXzc=,2,0,,1,7,42,,0.0,Q09NUExFVEVEXzg=,3,0,,1,8,42,,0.0,Q09NUExFVEVEXzk=,1,0,,1,9,42,,0.0,Q09NUExFVEVEXzEw,1,0,,1,10,42,,0.0,Q09NUExFVEVEXzEx,1,1,,1,11,42,,0.0,Q09NUExFVEVEXzEy,1,1,,1,12,42,,0.0,Autre,76,Non étudiant,J'habite seul,0,2,1,1,0,1,5,55,15,50,40,5,1,I compared prices and ratings.,The thumb indicates quality.,I used the thumb to identify quality.,No feedback.,1,1
43,0cvl3zp9,,1,33,32,postexperiment_block,PaymentInfo,2026-06-23 09:21:54.583505,1,,,0.0,,"[0, 2, 3, 5]","[0, 2, 3]",N,"[2, 3, 0, 1]","{""0"": [1, 0, 2, 3], ""1"": [2, 1, 0, 3], ""2"": [0, 2, 3, 1]}","{""0"": [""P"", ""P"", ""A"", ""A""], ""1"": [""P"", ""P"", ""A"", ""A""], ""2"": [""A"", ""P"", ""A"", ""P""]}","N|0cvl3zp9|annecy:2026-10-02-1P,2026-10-16-0P,2026-10-23-2A,2026-11-06-3A|le-treport:2026-10-02-2P,2026-10-16-1P,2026-10-23-0A,2026-11-06-3A|nice:2026-10-02-0A,2026-10-16-2P,2026-10-23-3A,2026-11-06-1P",jgtg3yxs,,,,,0,10.0,1.0,booking_experiment_with_bots,CJJN0EFT,1,43,,0.0,0,0,1,0,1,0,John Doe,1234567890,1234567890,john.doe@example.com,john.doe@example.com,1,1,1,43,,0.0,Arcachon,I prefer hotels near the beach.,1,0,1,1,0,1,0,0,0,1,1,43,,0.0,Q09NUExFVEVEXzE=,1,1,DEMARRAGE,1,1,43,,0.0,Q09NUExFVEVEXzI=,1,1,,1,2,43,,0.0,Q09NUExFVEVEXzM=,3,1,,1,3,43,,0.0,Q09NUExFVEVEXzQ=,1,1,,1,4,43,,0.0,Q09NUExFVEVEXzU=,2,1,,1,5,43,,0.0,Q09NUExFVEVEXzY=,2,1,,1,6,43,,0.0,Q09NUExFVEVEXzc=,2,0,,1,7,43,,0.0,Q09NUExFVEVEXzg=,2,1,,1,8,43,,0.0,Q09NUExFVEVEXzk=,2,1,,1,9,43,,0.0,Q09NUExFVEVEXzEw,1,1,,1,10,43,,0.0,Q09NUExFVEVEXzEx,2,1,,1,11,43,,0.0,Q09NUExFVEVEXzEy,1,0,,1,12,43,,0.0,Homme,78,Non étudiant,J'habite seul,1,3,3,0,1,1,60,90,0,100,40,45,1,I compared prices and ratings.,The thumb indicates quality.,I used the thumb to identify quality.,No feedback.,1,1
44,2gf5paio,,1,33,32,postexperiment_block,PaymentInfo,2026-06-23 09:21:55.207368,1,,,0.0,,"[0, 2, 4, 8]","[0, 1, 3]",O,"[3, 0, 1, 2]","{""0"": [0, 1, 2, 3], ""1"": [3, 2, 0, 1], ""2"": [2, 1, 0, 3]}","{""0"": [""A"", ""A"", ""P"", ""P""], ""1"": [""A"", ""A"", ""P"", ""P""], ""2"": [""A"", ""P"", ""A"", ""P""]}","O|2gf5paio|annecy:2026-10-02-0A,2026-10-16-1A,2026-10-30-2P,2026-11-27-3P|arcachon:2026-10-02-3A,2026-10-16-2A,2026-10-30-0P,2026-11-27-1P|nice:2026-10-02-2A,2026-10-16-1P,2026-10-30-0A,2026-11-27-3P",jgtg3yxs,,,,,0,10.0,1.0,booking_experiment_with_bots,CJJN0EFT,1,44,,0.0,0,0,1,0,1,0,John Doe,1234567890,1234567890,john.doe@example.com,john.doe@example.com,1,1,1,44,,0.0,Le Tréport,I prefer hotels near the beach.,1,0,1,0,1,0,0,0,1,1,1,44,,0.0,Q09NUExFVEVEXzE=,3,1,DEMARRAGE,1,1,44,,0.0,Q09NUExFVEVEXzI=,2,1,,1,2,44,,0.0,Q09NUExFVEVEXzM=,3,1,,1,3,44,,0.0,Q09NUExFVEVEXzQ=,2,1,,1,4,44,,0.0,Q09NUExFVEVEXzU=,2,1,,1,5,44,,0.0,Q09NUExFVEVEXzY=,1,1,,1,6,44,,0.0,Q09NUExFVEVEXzc=,1,0,,1,7,44,,0.0,Q09NUExFVEVEXzg=,1,1,,1,8,44,,0.0,Q09NUExFVEVEXzk=,2,1,,1,9,44,,0.0,Q09NUExFVEVEXzEw,2,1,,1,10,44,,0.0,Q09NUExFVEVEXzEx,1,0,,1,11,44,,0.0,Q09NUExFVEVEXzEy,2,1,,1,12,44,,0.0,Autre,40,Non étudiant,J'habite avec ma famille,0,2,6,1,0,1,15,60,25,45,55,100,1,I compared prices and ratings.,The thumb indicates quality.,I used the thumb to identify quality.,No feedback.,1,1
45,3ljbqwi1,,1,33,32,postexperiment_block,PaymentInfo,2026-06-23 09:21:56.635073,1,,,0.0,,"[0, 2, 5, 8]","[0, 1, 2]",N,"[3, 2, 0, 1]","{""0"": [1, 0, 3, 2], ""1"": [3, 2, 1, 0], ""2"": [2, 0, 3, 1]}","{""0"": [""A"", ""A"", ""P"", ""P""], ""1"": [""P"", ""A"", ""P"", ""A""], ""2"": [""A"", ""P"", ""P"", ""A""]}","N|3ljbqwi1|annecy:2026-10-02-1A,2026-10-16-0A,2026-11-06-3P,2026-11-27-2P|arcachon:2026-10-02-3P,2026-10-16-2A,2026-11-06-1P,2026-11-27-0A|le-treport:2026-10-02-2A,2026-10-16-0P,2026-11-06-3P,2026-11-27-1A",jgtg3yxs,,,,,0,10.0,1.0,booking_experiment_with_bots,CJJN0EFT,1,45,,0.0,0,0,1,0,1,0,John Doe,1234567890,1234567890,john.doe@example.com,john.doe@example.com,1,1,1,45,,0.0,Nice,I prefer hotels near the beach.,1,0,1,0,0,1,0,0,1,1,1,45,,0.0,Q09NUExFVEVEXzE=,3,1,DEMARRAGE,1,1,45,,0.0,Q09NUExFVEVEXzI=,3,1,,1,2,45,,0.0,Q09NUExFVEVEXzM=,3,0,,1,3,45,,0.0,Q09NUExFVEVEXzQ=,1,0,,1,4,45,,0.0,Q09NUExFVEVEXzU=,3,0,,1,5,45,,0.0,Q09NUExFVEVEXzY=,1,1,,1,6,45,,0.0,Q09NUExFVEVEXzc=,3,1,,1,7,45,,0.0,Q09NUExFVEVEXzg=,2,0,,1,8,45,,0.0,Q09NUExFVEVEXzk=,3,1,,1,9,45,,0.0,Q09NUExFVEVEXzEw,1,1,,1,10,45,,0.0,Q09NUExFVEVEXzEx,3,0,,1,11,45,,0.0,Q09NUExFVEVEXzEy,3,1,,1,12,45,,0.0,Autre,21,Étudiant,J'habite seul,0,3,6,0,1,0,75,35,20,75,20,5,3,I compared prices and ratings.,The thumb indicates quality.,I used the thumb to identify quality.,No feedback.,1,1
46,kdpjei5d,,1,33,32,postexperiment_block,PaymentInfo,2026-06-23 09:21:57.542646,1,,,0.0,,"[2, 3, 5, 8]","[0, 1, 3]",O,"[1, 0, 3, 2]","{""0"": [0, 2, 3, 1], ""1"": [3, 1, 2, 0], ""2"": [3, 0, 2, 1]}","{""0"": [""A"", ""P"", ""A"", ""P""], ""1"": [""P"", ""A"", ""P"", ""A""], ""2"": [""A"", ""P"", ""A"", ""P""]}","O|kdpjei5d|annecy:2026-10-16-0A,2026-10-23-2P,2026-11-06-3A,2026-11-27-1P|arcachon:2026-10-16-3P,2026-10-23-1A,2026-11-06-2P,2026-11-27-0A|nice:2026-10-16-3A,2026-10-23-0P,2026-11-06-2A,2026-11-27-1P",jgtg3yxs,,,,,0,10.0,1.0,booking_experiment_with_bots,CJJN0EFT,1,46,,0.0,0,0,1,0,1,0,John Doe,1234567890,1234567890,john.doe@example.com,john.doe@example.com,1,1,1,46,,0.0,Le Tréport,I prefer hotels near the beach.,0,0,1,1,0,1,0,0,1,1,1,46,,0.0,Q09NUExFVEVEXzE=,3,1,DEMARRAGE,1,1,46,,0.0,Q09NUExFVEVEXzI=,2,1,,1,2,46,,0.0,Q09NUExFVEVEXzM=,2,0,,1,3,46,,0.0,Q09NUExFVEVEXzQ=,1,1,,1,4,46,,0.0,Q09NUExFVEVEXzU=,2,0,,1,5,46,,0.0,Q09NUExFVEVEXzY=,3,1,,1,6,46,,0.0,Q09NUExFVEVEXzc=,2,1,,1,7,46,,0.0,Q09NUExFVEVEXzg=,1,0,,1,8,46,,0.0,Q09NUExFVEVEXzk=,3,0,,1,9,46,,0.0,Q09NUExFVEVEXzEw,1,1,,1,10,46,,0.0,Q09NUExFVEVEXzEx,3,1,,1,11,46,,0.0,Q09NUExFVEVEXzEy,3,1,,1,12,46,,0.0,Homme,81,Étudiant,J'habite seul,1,1,1,0,0,0,60,55,100,20,55,75,1,I compared prices and ratings.,The thumb indicates quality.,I used the thumb to identify quality.,No feedback.,1,1
47,ntr857ob,,1,33,32,postexperiment_block,PaymentInfo,2026-06-23 09:21:58.166122,1,,,0.0,,"[0, 1, 6, 8]","[0, 2, 3]",N,"[3, 2, 1, 0]","{""0"": [3, 2, 1, 0], ""1"": [3, 0, 2, 1], ""2"": [2, 1, 3, 0]}","{""0"": [""P"", ""A"", ""P"", ""A""], ""1"": [""A"", ""P"", ""P"", ""A""], ""2"": [""A"", ""P"", ""A"", ""P""]}","N|ntr857ob|annecy:2026-10-02-3P,2026-10-09-2A,2026-11-13-1P,2026-11-27-0A|le-treport:2026-10-02-3A,2026-10-09-0P,2026-11-13-2P,2026-11-27-1A|nice:2026-10-02-2A,2026-10-09-1P,2026-11-13-3A,2026-11-27-0P",jgtg3yxs,,,,,0,10.0,1.0,booking_experiment_with_bots,CJJN0EFT,1,47,,0.0,0,0,1,0,1,0,John Doe,1234567890,1234567890,john.doe@example.com,john.doe@example.com,1,1,1,47,,0.0,Arcachon,I prefer hotels near the beach.,1,1,0,0,0,0,1,0,1,1,1,47,,0.0,Q09NUExFVEVEXzE=,3,0,DEMARRAGE,1,1,47,,0.0,Q09NUExFVEVEXzI=,1,1,,1,2,47,,0.0,Q09NUExFVEVEXzM=,1,1,,1,3,47,,0.0,Q09NUExFVEVEXzQ=,3,0,,1,4,47,,0.0,Q09NUExFVEVEXzU=,3,0,,1,5,47,,0.0,Q09NUExFVEVEXzY=,1,0,,1,6,47,,0.0,Q09NUExFVEVEXzc=,1,0,,1,7,47,,0.0,Q09NUExFVEVEXzg=,3,0,,1,8,47,,0.0,Q09NUExFVEVEXzk=,1,1,,1,9,47,,0.0,Q09NUExFVEVEXzEw,1,1,,1,10,47,,0.0,Q09NUExFVEVEXzEx,3,0,,1,11,47,,0.0,Q09NUExFVEVEXzEy,2,0,,1,12,47,,0.0,Femme,44,Étudiant,J'habite en couple,1,1,6,1,1,0,80,90,85,5,60,15,3,I compared prices and ratings.,The thumb indicates quality.,I used the thumb to identify quality.,No feedback.,1,1
48,wkojti7i,,1,33,32,postexperiment_block,PaymentInfo,2026-06-23 09:24:50.819036,1,,,0.0,,"[3, 5, 6, 8]","[1, 2, 3]",O,"[1, 3, 2, 0]","{""0"": [0, 1, 2, 3], ""1"": [3, 0, 1, 2], ""2"": [1, 3, 0, 2]}","{""0"": [""P"", ""A"", ""A"", ""P""], ""1"": [""P"", ""A"", ""P"", ""A""], ""2"": [""A"", ""A"", ""P"", ""P""]}","O|wkojti7i|arcachon:2026-10-23-0P,2026-11-06-1A,2026-11-13-2A,2026-11-27-3P|le-treport:2026-10-23-3P,2026-11-06-0A,2026-11-13-1P,2026-11-27-2A|nice:2026-10-23-1A,2026-11-06-3A,2026-11-13-0P,2026-11-27-2P",jgtg3yxs,,,,,0,10.0,1.0,booking_experiment_with_bots,CJJN0EFT,1,48,,0.0,0,0,1,0,1,0,John Doe,1234567890,1234567890,john.doe@example.com,john.doe@example.com,1,1,1,48,,0.0,Annecy,I prefer hotels near the beach.,0,0,0,1,0,1,1,0,1,1,1,48,,0.0,Q09NUExFVEVEXzE=,1,0,DEMARRAGE,1,1,48,,0.0,Q09NUExFVEVEXzI=,2,0,,1,2,48,,0.0,Q09NUExFVEVEXzM=,2,0,,1,3,48,,0.0,Q09NUExFVEVEXzQ=,3,0,,1,4,48,,0.0,Q09NUExFVEVEXzU=,2,0,,1,5,48,,0.0,Q09NUExFVEVEXzY=,2,0,,1,6,48,,0.0,Q09NUExFVEVEXzc=,3,0,,1,7,48,,0.0,Q09NUExFVEVEXzg=,3,1,,1,8,48,,0.0,Q09NUExFVEVEXzk=,3,1,,1,9,48,,0.0,Q09NUExFVEVEXzEw,1,0,,1,10,48,,0.0,Q09NUExFVEVEXzEx,3,0,,1,11,48,,0.0,Q09NUExFVEVEXzEy,3,1,,1,12,48,,0.0,Femme,87,Étudiant,J'habite seul,1,3,3,1,1,0,35,75,95,25,5,10,4,I compared prices and ratings.,The thumb indicates quality.,I used the thumb to identify quality.,No feedback.,1,1
49,bfk66co5,,1,33,32,postexperiment_block,PaymentInfo,2026-06-23 09:24:50.831128,1,,,0.0,,"[1, 3, 7, 8]","[0, 1, 2]",N,"[3, 0, 1, 2]","{""0"": [1, 3, 2, 0], ""1"": [3, 1, 0, 2], ""2"": [0, 2, 3, 1]}","{""0"": [""P"", ""A"", ""A"", ""P""], ""1"": [""A"", ""P"", ""P"", ""A""], ""2"": [""A"", ""A"", ""P"", ""P""]}","N|bfk66co5|annecy:2026-10-09-1P,2026-10-23-3A,2026-11-20-2A,2026-11-27-0P|arcachon:2026-10-09-3A,2026-10-23-1P,2026-11-20-0P,2026-11-27-2A|le-treport:2026-10-09-0A,2026-10-23-2A,2026-11-20-3P,2026-11-27-1P",jgtg3yxs,,,,,0,10.0,1.0,booking_experiment_with_bots,CJJN0EFT,1,49,,0.0,0,0,1,0,1,0,John Doe,1234567890,1234567890,john.doe@example.com,john.doe@example.com,1,1,1,49,,0.0,Nice,I prefer hotels near the beach.,0,1,0,1,0,0,0,1,1,1,1,49,,0.0,Q09NUExFVEVEXzE=,3,1,DEMARRAGE,1,1,49,,0.0,Q09NUExFVEVEXzI=,3,0,,1,2,49,,0.0,Q09NUExFVEVEXzM=,2,0,,1,3,49,,0.0,Q09NUExFVEVEXzQ=,3,0,,1,4,49,,0.0,Q09NUExFVEVEXzU=,2,0,,1,5,49,,0.0,Q09NUExFVEVEXzY=,3,1,,1,6,49,,0.0,Q09NUExFVEVEXzc=,3,0,,1,7,49,,0.0,Q09NUExFVEVEXzg=,3,1,,1,8,49,,0.0,Q09NUExFVEVEXzk=,1,1,,1,9,49,,0.0,Q09NUExFVEVEXzEw,1,1,,1,10,49,,0.0,Q09NUExFVEVEXzEx,1,1,,1,11,49,,0.0,Q09NUExFVEVEXzEy,2,0,,1,12,49,,0.0,Homme,22,Non étudiant,J'habite seul,1,2,3,0,1,1,65,75,95,10,95,60,3,I compared prices and ratings.,The thumb indicates quality.,I used the thumb to identify quality.,No feedback.,1,1
50,ymym9bpg,,1,33,32,postexperiment_block,PaymentInfo,2026-06-23 09:24:51.395648,1,,,0.0,,"[0, 1, 2, 7]","[0, 1, 3]",O,"[0, 1, 3, 2]","{""0"": [2, 3, 0, 1], ""1"": [3, 0, 2, 1], ""2"": [2, 3, 1, 0]}","{""0"": [""A"", ""A"", ""P"", ""P""], ""1"": [""P"", ""A"", ""P"", ""A""], ""2"": [""A"", ""A"", ""P"", ""P""]}","O|ymym9bpg|annecy:2026-10-02-2A,2026-10-09-3A,2026-10-16-0P,2026-11-20-1P|arcachon:2026-10-02-3P,2026-10-09-0A,2026-10-16-2P,2026-11-20-1A|nice:2026-10-02-2A,2026-10-09-3A,2026-10-16-1P,2026-11-20-0P",jgtg3yxs,,,,,0,10.0,1.0,booking_experiment_with_bots,CJJN0EFT,1,50,,0.0,0,0,1,0,1,0,John Doe,1234567890,1234567890,john.doe@example.com,john.doe@example.com,1,1,1,50,,0.0,Le Tréport,I prefer hotels near the beach.,1,1,1,0,0,0,0,1,0,1,1,50,,0.0,Q09NUExFVEVEXzE=,2,1,DEMARRAGE,1,1,50,,0.0,Q09NUExFVEVEXzI=,2,0,,1,2,50,,0.0,Q09NUExFVEVEXzM=,1,0,,1,3,50,,0.0,Q09NUExFVEVEXzQ=,1,1,,1,4,50,,0.0,Q09NUExFVEVEXzU=,2,1,,1,5,50,,0.0,Q09NUExFVEVEXzY=,1,0,,1,6,50,,0.0,Q09NUExFVEVEXzc=,1,1,,1,7,50,,0.0,Q09NUExFVEVEXzg=,2,0,,1,8,50,,0.0,Q09NUExFVEVEXzk=,1,1,,1,9,50,,0.0,Q09NUExFVEVEXzEw,1,0,,1,10,50,,0.0,Q09NUExFVEVEXzEx,1,1,,1,11,50,,0.0,Q09NUExFVEVEXzEy,1,1,,1,12,50,,0.0,Homme,81,Non étudiant,J'habite seul,1,2,2,1,1,0,80,20,50,30,90,30,4,I compared prices and ratings.,The thumb indicates quality.,I used the thumb to identify quality.,No feedback.,1,1
51,ob36ohn7,,1,33,32,postexperiment_block,PaymentInfo,2026-06-23 09:24:51.403900,1,,,0.0,,"[0, 1, 4, 8]","[0, 2, 3]",N,"[2, 0, 3, 1]","{""0"": [3, 1, 2, 0], ""1"": [0, 2, 3, 1], ""2"": [1, 3, 2, 0]}","{""0"": [""A"", ""A"", ""P"", ""P""], ""1"": [""P"", ""P"", ""A"", ""A""], ""2"": [""P"", ""A"", ""A"", ""P""]}","N|ob36ohn7|annecy:2026-10-02-3A,2026-10-09-1A,2026-10-30-2P,2026-11-27-0P|le-treport:2026-10-02-0P,2026-10-09-2P,2026-10-30-3A,2026-11-27-1A|nice:2026-10-02-1P,2026-10-09-3A,2026-10-30-2A,2026-11-27-0P",jgtg3yxs,,,,,0,10.0,1.0,booking_experiment_with_bots,CJJN0EFT,1,51,,0.0,0,0,1,0,1,0,John Doe,1234567890,1234567890,john.doe@example.com,john.doe@example.com,1,1,1,51,,0.0,Arcachon,I prefer hotels near the beach.,1,1,0,0,1,0,0,0,1,1,1,51,,0.0,Q09NUExFVEVEXzE=,3,0,DEMARRAGE,1,1,51,,0.0,Q09NUExFVEVEXzI=,2,0,,1,2,51,,0.0,Q09NUExFVEVEXzM=,3,0,,1,3,51,,0.0,Q09NUExFVEVEXzQ=,3,1,,1,4,51,,0.0,Q09NUExFVEVEXzU=,3,1,,1,5,51,,0.0,Q09NUExFVEVEXzY=,3,1,,1,6,51,,0.0,Q09NUExFVEVEXzc=,2,1,,1,7,51,,0.0,Q09NUExFVEVEXzg=,3,0,,1,8,51,,0.0,Q09NUExFVEVEXzk=,3,1,,1,9,51,,0.0,Q09NUExFVEVEXzEw,3,1,,1,10,51,,0.0,Q09NUExFVEVEXzEx,2,0,,1,11,51,,0.0,Q09NUExFVEVEXzEy,1,1,,1,12,51,,0.0,Homme,64,Non étudiant,J'habite avec ma famille,0,3,2,1,1,0,90,5,10,100,45,80,3,I compared prices and ratings.,The thumb indicates quality.,I used the thumb to identify quality.,No feedback.,1,1
52,hkk5w5yd,,1,33,32,postexperiment_block,PaymentInfo,2026-06-23 09:24:52.394359,1,,,0.0,,"[1, 3, 5, 8]","[0, 1, 2]",O,"[0, 2, 1, 3]","{""0"": [3, 1, 0, 2], ""1"": [3, 0, 2, 1], ""2"": [2, 3, 0, 1]}","{""0"": [""P"", ""A"", ""P"", ""A""], ""1"": [""P"", ""A"", ""A"", ""P""], ""2"": [""P"", ""P"", ""A"", ""A""]}","O|hkk5w5yd|annecy:2026-10-09-3P,2026-10-23-1A,2026-11-06-0P,2026-11-27-2A|arcachon:2026-10-09-3P,2026-10-23-0A,2026-11-06-2A,2026-11-27-1P|le-treport:2026-10-09-2P,2026-10-23-3P,2026-11-06-0A,2026-11-27-1A",jgtg3yxs,,,,,0,10.0,1.0,booking_experiment_with_bots,CJJN0EFT,1,52,,0.0,0,0,1,0,1,0,John Doe,1234567890,1234567890,john.doe@example.com,john.doe@example.com,1,1,1,52,,0.0,Nice,I prefer hotels near the beach.,0,1,0,1,0,1,0,0,1,1,1,52,,0.0,Q09NUExFVEVEXzE=,2,0,DEMARRAGE,1,1,52,,0.0,Q09NUExFVEVEXzI=,2,0,,1,2,52,,0.0,Q09NUExFVEVEXzM=,3,1,,1,3,52,,0.0,Q09NUExFVEVEXzQ=,3,1,,1,4,52,,0.0,Q09NUExFVEVEXzU=,3,0,,1,5,52,,0.0,Q09NUExFVEVEXzY=,1,0,,1,6,52,,0.0,Q09NUExFVEVEXzc=,2,1,,1,7,52,,0.0,Q09NUExFVEVEXzg=,3,1,,1,8,52,,0.0,Q09NUExFVEVEXzk=,3,1,,1,9,52,,0.0,Q09NUExFVEVEXzEw,2,1,,1,10,52,,0.0,Q09NUExFVEVEXzEx,1,0,,1,11,52,,0.0,Q09NUExFVEVEXzEy,1,1,,1,12,52,,0.0,Homme,25,Non étudiant,J'habite seul,1,1,2,0,1,1,5,45,65,30,90,80,2,I compared prices and ratings.,The thumb indicates quality.,I used the thumb to identify quality.,No feedback.,1,1
53,p9d6wxmo,,1,33,32,postexperiment_block,PaymentInfo,2026-06-23 09:24:52.460032,1,,,0.0,,"[1, 4, 5, 6]","[1, 2, 3]",N,"[3, 1, 2, 0]","{""0"": [0, 1, 2, 3], ""1"": [0, 1, 3, 2], ""2"": [3, 1, 0, 2]}","{""0"": [""P"", ""P"", ""A"", ""A""], ""1"": [""P"", ""P"", ""A"", ""A""], ""2"": [""A"", ""A"", ""P"", ""P""]}","N|p9d6wxmo|arcachon:2026-10-09-0P,2026-10-30-1P,2026-11-06-2A,2026-11-13-3A|le-treport:2026-10-09-0P,2026-10-30-1P,2026-11-06-3A,2026-11-13-2A|nice:2026-10-09-3A,2026-10-30-1A,2026-11-06-0P,2026-11-13-2P",jgtg3yxs,,,,,0,10.0,1.0,booking_experiment_with_bots,CJJN0EFT,1,53,,0.0,0,0,1,0,1,0,John Doe,1234567890,1234567890,john.doe@example.com,john.doe@example.com,1,1,1,53,,0.0,Annecy,I prefer hotels near the beach.,0,1,0,0,1,1,1,0,0,1,1,53,,0.0,Q09NUExFVEVEXzE=,2,1,DEMARRAGE,1,1,53,,0.0,Q09NUExFVEVEXzI=,2,1,,1,2,53,,0.0,Q09NUExFVEVEXzM=,1,0,,1,3,53,,0.0,Q09NUExFVEVEXzQ=,3,1,,1,4,53,,0.0,Q09NUExFVEVEXzU=,3,0,,1,5,53,,0.0,Q09NUExFVEVEXzY=,3,0,,1,6,53,,0.0,Q09NUExFVEVEXzc=,2,0,,1,7,53,,0.0,Q09NUExFVEVEXzg=,2,1,,1,8,53,,0.0,Q09NUExFVEVEXzk=,2,0,,1,9,53,,0.0,Q09NUExFVEVEXzEw,2,0,,1,10,53,,0.0,Q09NUExFVEVEXzEx,3,0,,1,11,53,,0.0,Q09NUExFVEVEXzEy,1,0,,1,12,53,,0.0,Autre,69,Étudiant,J'habite avec ma famille,0,3,1,1,1,0,75,90,0,90,30,70,2,I compared prices and ratings.,The thumb indicates quality.,I used the thumb to identify quality.,No feedback.,1,1
54,334dqmj3,,1,33,32,postexperiment_block,PaymentInfo,2026-06-23 09:24:52.495878,1,,,0.0,,"[1, 5, 6, 8]","[1, 2, 3]",O,"[0, 3, 1, 2]","{""0"": [2, 1, 0, 3], ""1"": [0, 3, 2, 1], ""2"": [2, 3, 1, 0]}","{""0"": [""P"", ""A"", ""P"", ""A""], ""1"": [""P"", ""A"", ""P"", ""A""], ""2"": [""P"", ""A"", ""P"", ""A""]}","O|334dqmj3|arcachon:2026-10-09-2P,2026-11-06-1A,2026-11-13-0P,2026-11-27-3A|le-treport:2026-10-09-0P,2026-11-06-3A,2026-11-13-2P,2026-11-27-1A|nice:2026-10-09-2P,2026-11-06-3A,2026-11-13-1P,2026-11-27-0A",jgtg3yxs,,,,,0,10.0,1.0,booking_experiment_with_bots,CJJN0EFT,1,54,,0.0,0,0,1,0,1,0,John Doe,1234567890,1234567890,john.doe@example.com,john.doe@example.com,1,1,1,54,,0.0,Annecy,I prefer hotels near the beach.,0,1,0,0,0,1,1,0,1,1,1,54,,0.0,Q09NUExFVEVEXzE=,2,0,DEMARRAGE,1,1,54,,0.0,Q09NUExFVEVEXzI=,2,0,,1,2,54,,0.0,Q09NUExFVEVEXzM=,1,1,,1,3,54,,0.0,Q09NUExFVEVEXzQ=,3,0,,1,4,54,,0.0,Q09NUExFVEVEXzU=,1,0,,1,5,54,,0.0,Q09NUExFVEVEXzY=,1,1,,1,6,54,,0.0,Q09NUExFVEVEXzc=,2,1,,1,7,54,,0.0,Q09NUExFVEVEXzg=,2,1,,1,8,54,,0.0,Q09NUExFVEVEXzk=,1,0,,1,9,54,,0.0,Q09NUExFVEVEXzEw,1,1,,1,10,54,,0.0,Q09NUExFVEVEXzEx,1,1,,1,11,54,,0.0,Q09NUExFVEVEXzEy,2,1,,1,12,54,,0.0,Homme,40,Étudiant,J'habite avec ma famille,1,3,4,0,0,1,75,85,35,90,90,75,3,I compared prices and ratings.,The thumb indicates quality.,I used the thumb to identify quality.,No feedback.,1,1
55,857173zd,,1,33,32,postexperiment_block,PaymentInfo,2026-06-23 09:24:54.148350,1,,,0.0,,"[2, 5, 7, 8]","[0, 1, 2]",N,"[1, 2, 0, 3]","{""0"": [1, 2, 3, 0], ""1"": [2, 1, 3, 0], ""2"": [2, 0, 1, 3]}","{""0"": [""P"", ""A"", ""A"", ""P""], ""1"": [""P"", ""A"", ""A"", ""P""], ""2"": [""A"", ""A"", ""P"", ""P""]}","N|857173zd|annecy:2026-10-16-1P,2026-11-06-2A,2026-11-20-3A,2026-11-27-0P|arcachon:2026-10-16-2P,2026-11-06-1A,2026-11-20-3A,2026-11-27-0P|le-treport:2026-10-16-2A,2026-11-06-0A,2026-11-20-1P,2026-11-27-3P",jgtg3yxs,,,,,0,10.0,1.0,booking_experiment_with_bots,CJJN0EFT,1,55,,0.0,0,0,1,0,1,0,John Doe,1234567890,1234567890,john.doe@example.com,john.doe@example.com,1,1,1,55,,0.0,Nice,I prefer hotels near the beach.,0,0,1,0,0,1,0,1,1,1,1,55,,0.0,Q09NUExFVEVEXzE=,3,1,DEMARRAGE,1,1,55,,0.0,Q09NUExFVEVEXzI=,1,0,,1,2,55,,0.0,Q09NUExFVEVEXzM=,3,1,,1,3,55,,0.0,Q09NUExFVEVEXzQ=,3,1,,1,4,55,,0.0,Q09NUExFVEVEXzU=,1,0,,1,5,55,,0.0,Q09NUExFVEVEXzY=,3,0,,1,6,55,,0.0,Q09NUExFVEVEXzc=,2,0,,1,7,55,,0.0,Q09NUExFVEVEXzg=,1,0,,1,8,55,,0.0,Q09NUExFVEVEXzk=,1,1,,1,9,55,,0.0,Q09NUExFVEVEXzEw,3,0,,1,10,55,,0.0,Q09NUExFVEVEXzEx,1,0,,1,11,55,,0.0,Q09NUExFVEVEXzEy,2,0,,1,12,55,,0.0,Femme,83,Étudiant,Autre,1,3,1,0,1,0,40,10,100,85,15,55,2,I compared prices and ratings.,The thumb indicates quality.,I used the thumb to identify quality.,No feedback.,1,1
56,8zyv3jq7,,1,33,32,postexperiment_block,PaymentInfo,2026-06-23 09:24:54.251292,1,,,0.0,,"[0, 1, 3, 8]","[0, 1, 3]",O,"[3, 2, 0, 1]","{""0"": [3, 0, 1, 2], ""1"": [0, 1, 3, 2], ""2"": [3, 0, 2, 1]}","{""0"": [""P"", ""P"", ""A"", ""A""], ""1"": [""P"", ""A"", ""P"", ""A""], ""2"": [""A"", ""P"", ""P"", ""A""]}","O|8zyv3jq7|annecy:2026-10-02-3P,2026-10-09-0P,2026-10-23-1A,2026-11-27-2A|arcachon:2026-10-02-0P,2026-10-09-1A,2026-10-23-3P,2026-11-27-2A|nice:2026-10-02-3A,2026-10-09-0P,2026-10-23-2P,2026-11-27-1A",jgtg3yxs,,,,,0,10.0,1.0,booking_experiment_with_bots,CJJN0EFT,1,56,,0.0,0,0,1,0,1,0,John Doe,1234567890,1234567890,john.doe@example.com,john.doe@example.com,1,1,1,56,,0.0,Le Tréport,I prefer hotels near the beach.,1,1,0,1,0,0,0,0,1,1,1,56,,0.0,Q09NUExFVEVEXzE=,1,1,DEMARRAGE,1,1,56,,0.0,Q09NUExFVEVEXzI=,3,1,,1,2,56,,0.0,Q09NUExFVEVEXzM=,2,0,,1,3,56,,0.0,Q09NUExFVEVEXzQ=,1,0,,1,4,56,,0.0,Q09NUExFVEVEXzU=,2,1,,1,5,56,,0.0,Q09NUExFVEVEXzY=,1,0,,1,6,56,,0.0,Q09NUExFVEVEXzc=,1,1,,1,7,56,,0.0,Q09NUExFVEVEXzg=,2,0,,1,8,56,,0.0,Q09NUExFVEVEXzk=,3,0,,1,9,56,,0.0,Q09NUExFVEVEXzEw,2,1,,1,10,56,,0.0,Q09NUExFVEVEXzEx,1,0,,1,11,56,,0.0,Q09NUExFVEVEXzEy,3,0,,1,12,56,,0.0,Femme,42,Non étudiant,J'habite seul,0,1,6,1,0,1,35,25,0,55,60,15,3,I compared prices and ratings.,The thumb indicates quality.,I used the thumb to identify quality.,No feedback.,1,1
57,p6d41oc6,,1,33,32,postexperiment_block,PaymentInfo,2026-06-23 09:24:54.938023,1,,,0.0,,"[2, 3, 5, 6]","[0, 1, 2]",N,"[2, 0, 1, 3]","{""0"": [0, 1, 3, 2], ""1"": [2, 1, 3, 0], ""2"": [1, 2, 0, 3]}","{""0"": [""A"", ""P"", ""A"", ""P""], ""1"": [""A"", ""P"", ""P"", ""A""], ""2"": [""A"", ""A"", ""P"", ""P""]}","N|p6d41oc6|annecy:2026-10-16-0A,2026-10-23-1P,2026-11-06-3A,2026-11-13-2P|arcachon:2026-10-16-2A,2026-10-23-1P,2026-11-06-3P,2026-11-13-0A|le-treport:2026-10-16-1A,2026-10-23-2A,2026-11-06-0P,2026-11-13-3P",jgtg3yxs,,,,,0,10.0,1.0,booking_experiment_with_bots,CJJN0EFT,1,57,,0.0,0,0,1,0,1,0,John Doe,1234567890,1234567890,john.doe@example.com,john.doe@example.com,1,1,1,57,,0.0,Nice,I prefer hotels near the beach.,0,0,1,1,0,1,1,0,0,1,1,57,,0.0,Q09NUExFVEVEXzE=,1,0,DEMARRAGE,1,1,57,,0.0,Q09NUExFVEVEXzI=,1,0,,1,2,57,,0.0,Q09NUExFVEVEXzM=,3,1,,1,3,57,,0.0,Q09NUExFVEVEXzQ=,3,0,,1,4,57,,0.0,Q09NUExFVEVEXzU=,2,0,,1,5,57,,0.0,Q09NUExFVEVEXzY=,2,0,,1,6,57,,0.0,Q09NUExFVEVEXzc=,1,1,,1,7,57,,0.0,Q09NUExFVEVEXzg=,3,1,,1,8,57,,0.0,Q09NUExFVEVEXzk=,1,1,,1,9,57,,0.0,Q09NUExFVEVEXzEw,2,0,,1,10,57,,0.0,Q09NUExFVEVEXzEx,3,0,,1,11,57,,0.0,Q09NUExFVEVEXzEy,2,0,,1,12,57,,0.0,Autre,93,Étudiant,J'habite avec ma famille,0,2,7,1,0,0,90,0,95,5,55,65,2,I compared prices and ratings.,The thumb indicates quality.,I used the thumb to identify quality.,No feedback.,1,1
58,bqlhs7l7,,1,33,32,postexperiment_block,PaymentInfo,2026-06-23 09:24:55.001329,1,,,0.0,,"[0, 1, 3, 4]","[0, 1, 2]",O,"[2, 0, 3, 1]","{""0"": [2, 3, 0, 1], ""1"": [2, 0, 1, 3], ""2"": [3, 2, 0, 1]}","{""0"": [""A"", ""A"", ""P"", ""P""], ""1"": [""A"", ""P"", ""A"", ""P""], ""2"": [""P"", ""P"", ""A"", ""A""]}","O|bqlhs7l7|annecy:2026-10-02-2A,2026-10-09-3A,2026-10-23-0P,2026-10-30-1P|arcachon:2026-10-02-2A,2026-10-09-0P,2026-10-23-1A,2026-10-30-3P|le-treport:2026-10-02-3P,2026-10-09-2P,2026-10-23-0A,2026-10-30-1A",jgtg3yxs,,,,,0,10.0,1.0,booking_experiment_with_bots,CJJN0EFT,1,58,,0.0,0,0,1,0,1,0,John Doe,1234567890,1234567890,john.doe@example.com,john.doe@example.com,1,1,1,58,,0.0,Nice,I prefer hotels near the beach.,1,1,0,1,1,0,0,0,0,1,1,58,,0.0,Q09NUExFVEVEXzE=,3,0,DEMARRAGE,1,1,58,,0.0,Q09NUExFVEVEXzI=,3,0,,1,2,58,,0.0,Q09NUExFVEVEXzM=,2,0,,1,3,58,,0.0,Q09NUExFVEVEXzQ=,3,0,,1,4,58,,0.0,Q09NUExFVEVEXzU=,2,1,,1,5,58,,0.0,Q09NUExFVEVEXzY=,2,0,,1,6,58,,0.0,Q09NUExFVEVEXzc=,2,0,,1,7,58,,0.0,Q09NUExFVEVEXzg=,1,0,,1,8,58,,0.0,Q09NUExFVEVEXzk=,3,0,,1,9,58,,0.0,Q09NUExFVEVEXzEw,2,1,,1,10,58,,0.0,Q09NUExFVEVEXzEx,1,1,,1,11,58,,0.0,Q09NUExFVEVEXzEy,2,0,,1,12,58,,0.0,Homme,33,Non étudiant,J'habite en couple,1,3,2,0,0,0,100,0,95,55,45,95,3,I compared prices and ratings.,The thumb indicates quality.,I used the thumb to identify quality.,No feedback.,1,1
59,eo4accag,,1,33,32,postexperiment_block,PaymentInfo,2026-06-23 09:24:55.220779,1,,,0.0,,"[1, 6, 7, 8]","[0, 1, 2]",N,"[3, 2, 1, 0]","{""0"": [0, 1, 3, 2], ""1"": [2, 3, 1, 0], ""2"": [3, 2, 1, 0]}","{""0"": [""P"", ""P"", ""A"", ""A""], ""1"": [""A"", ""P"", ""A"", ""P""], ""2"": [""A"", ""P"", ""P"", ""A""]}","N|eo4accag|annecy:2026-10-09-0P,2026-11-13-1P,2026-11-20-3A,2026-11-27-2A|arcachon:2026-10-09-2A,2026-11-13-3P,2026-11-20-1A,2026-11-27-0P|le-treport:2026-10-09-3A,2026-11-13-2P,2026-11-20-1P,2026-11-27-0A",jgtg3yxs,,,,,0,10.0,1.0,booking_experiment_with_bots,CJJN0EFT,1,59,,0.0,0,0,1,0,1,0,John Doe,1234567890,1234567890,john.doe@example.com,john.doe@example.com,1,1,1,59,,0.0,Nice,I prefer hotels near the beach.,0,1,0,0,0,0,1,1,1,1,1,59,,0.0,Q09NUExFVEVEXzE=,2,0,DEMARRAGE,1,1,59,,0.0,Q09NUExFVEVEXzI=,3,0,,1,2,59,,0.0,Q09NUExFVEVEXzM=,3,1,,1,3,59,,0.0,Q09NUExFVEVEXzQ=,2,1,,1,4,59,,0.0,Q09NUExFVEVEXzU=,3,0,,1,5,59,,0.0,Q09NUExFVEVEXzY=,1,0,,1,6,59,,0.0,Q09NUExFVEVEXzc=,3,0,,1,7,59,,0.0,Q09NUExFVEVEXzg=,2,1,,1,8,59,,0.0,Q09NUExFVEVEXzk=,1,0,,1,9,59,,0.0,Q09NUExFVEVEXzEw,1,1,,1,10,59,,0.0,Q09NUExFVEVEXzEx,2,1,,1,11,59,,0.0,Q09NUExFVEVEXzEy,2,0,,1,12,59,,0.0,Autre,33,Étudiant,J'habite en couple,1,2,4,0,1,0,10,50,5,80,65,5,2,I compared prices and ratings.,The thumb indicates quality.,I used the thumb to identify quality.,No feedback.,1,1
60,is9vom2m,,1,33,32,postexperiment_block,PaymentInfo,2026-06-23 09:24:55.244694,1,,,0.0,,"[0, 4, 6, 7]","[0, 2, 3]",O,"[3, 2, 0, 1]","{""0"": [1, 2, 0, 3], ""1"": [1, 3, 0, 2], ""2"": [1, 3, 0, 2]}","{""0"": [""P"", ""A"", ""A"", ""P""], ""1"": [""P"", ""A"", ""P"", ""A""], ""2"": [""A"", ""P"", ""A"", ""P""]}","O|is9vom2m|annecy:2026-10-02-1P,2026-10-30-2A,2026-11-13-0A,2026-11-20-3P|le-treport:2026-10-02-1P,2026-10-30-3A,2026-11-13-0P,2026-11-20-2A|nice:2026-10-02-1A,2026-10-30-3P,2026-11-13-0A,2026-11-20-2P",jgtg3yxs,,,,,0,10.0,1.0,booking_experiment_with_bots,CJJN0EFT,1,60,,0.0,0,0,1,0,1,0,John Doe,1234567890,1234567890,john.doe@example.com,john.doe@example.com,1,1,1,60,,0.0,Arcachon,I prefer hotels near the beach.,1,0,0,0,1,0,1,1,0,1,1,60,,0.0,Q09NUExFVEVEXzE=,3,1,DEMARRAGE,1,1,60,,0.0,Q09NUExFVEVEXzI=,1,1,,1,2,60,,0.0,Q09NUExFVEVEXzM=,1,1,,1,3,60,,0.0,Q09NUExFVEVEXzQ=,1,1,,1,4,60,,0.0,Q09NUExFVEVEXzU=,3,0,,1,5,60,,0.0,Q09NUExFVEVEXzY=,2,1,,1,6,60,,0.0,Q09NUExFVEVEXzc=,1,1,,1,7,60,,0.0,Q09NUExFVEVEXzg=,3,0,,1,8,60,,0.0,Q09NUExFVEVEXzk=,3,0,,1,9,60,,0.0,Q09NUExFVEVEXzEw,1,0,,1,10,60,,0.0,Q09NUExFVEVEXzEx,3,1,,1,11,60,,0.0,Q09NUExFVEVEXzEy,1,0,,1,12,60,,0.0,Homme,38,Non étudiant,J'habite en couple,0,1,5,1,1,0,15,50,45,10,30,40,3,I compared prices and ratings.,The thumb indicates quality.,I used the thumb to identify quality.,No feedback.,1,1
